tag,trip_sent,trip_recv,pre_sent,pre_recv,on_sent,on_recv,rounds,keyex_sent,keyex_recv
bk9_a2bk0_ppa4_c0_b9r1,811.79,778.506,108.4,109.2,109.4,108.6,730,0.297395,0.297414
bk9_a2bk0_ppa_c0_b9r1,731.126,697.842,63.36,64.17,169.1,168.3,982,0.297395,0.297414
bk9_a2bk0_rca_c0_b9r1,700.511,667.227,29.59,30.4,110.6,109.8,1818,0.297395,0.297414
bk9_a2b_ppa4_c0_b9r1,566.45,585.245,107.8,108.6,109.4,64.17,626,0.297395,0.297414
bk9_a2b_ppa_c0_b9r1,485.786,504.581,62.73,63.54,169.1,123.8,878,0.297395,0.297414
bk9_a2bpw_ppa4_c0_b9r1,367.857,334.573,117.1,124.3,71.41,64.17,630,0.297395,0.297414
bk9_a2bpw_ppa_c0_b9r1,250.134,216.849,61.92,69.16,140.1,132.8,891,0.297395,0.297414
bk9_a2bpw_rca_c0_b9r1,219.517,186.233,33.78,41.01,78.16,70.93,1963,0.297395,0.297414
bk9_a2b_rca_c0_b9r1,455.171,473.966,28.95,29.76,110.6,65.3,1714,0.297395,0.297414
mp9_a2bpw_ppa4_c0_b9r1,367.857,334.573,153.1,160.3,71.41,64.17,630,0.297395,0.297414
mp9_a2bpw_ppa_c0_b9r1,250.134,216.849,97.95,105.2,140.1,132.8,891,0.297395,0.297414
mp9_a2bpw_rca_c0_b9r1,219.517,186.233,69.81,77.04,78.16,70.93,1963,0.297395,0.297414
