fp,e0_a2b_rca_c0,e0_a2b_rca_c0_r1,,4.00445,0.548005,0,1,d546eab5a0,1,0.81;0.00;1.14;0.03;0.07;0.04,363;168;0,455,0.140120;1714,0
fp,e_a2b_rca_c0,e_a2b_rca_c0_r1,,3.77383,0.49794,0,1,d8c23e706e,1,1.13;0.00;1.34;0.05;0.05;0.03,306;174;0,455,0.136115;1714,0
fp,e0_a2b_ppa_c0,e0_a2b_ppa_c0_r1,,4.96131,0.566292,0,1,eb8aed2e4f,1,0.84;0.00;1.98;0.02;0.06;0.04,378;172;0,486,0.084512;878,0
fp,e_a2b_ppa_c0,e_a2b_ppa_c0_r1,,4.78485,0.542873,0,1,3235cef3fc,1,1.12;0.00;2.21;0.09;0.07;0.05,360;162;0,486,0.129983;878,0
fp,e0_a2b_ppa4_c0,e0_a2b_ppa4_c0_r1,,5.43719,0.638056,0,1,b30eb3bbad,1,0.91;0.00;1.15;0.02;0.09;0.04,452;168;0,566,0.056021;626,0
fp,e_a2b_ppa4_c0,e_a2b_ppa4_c0_r1,,5.39385,0.605228,0,1,56ba9a9d76,1,1.12;0.00;1.42;0.06;0.06;0.05,420;167;0,566,0.074341;626,0
fp,e0_a2bk0_rca_c0,e0_a2bk0_rca_c0_r1,,4.11159,0.629893,1,1,cda5f3b0bf,1,0.87;0.00;1.09;0.03;0.07;0.08,347;264;0,701,0.143018;1818,0
fp,e_a2bk0_rca_c0,e_a2bk0_rca_c0_r1,,3.75839,0.585039,1,1,01cc8a360c,1,1.25;0.00;1.36;0.04;0.07;0.05,321;247;0,701,0.158539;1818,0
fp,e0_a2bk0_ppa_c0,e0_a2bk0_ppa_c0_r1,,4.90682,0.691399,1,1,cda5f3b0bf,1,0.87;0.00;1.91;0.04;0.07;0.07,420;249;0,731,0.087831;982,0
fp,e_a2bk0_ppa_c0,e_a2bk0_ppa_c0_r1,,4.73416,0.604002,0,1,865c4cb26e,1,1.24;0.00;2.24;0.02;0.07;0.07,347;238;0,731,0.120059;982,0
fp,e0_a2bk0_ppa4_c0,e0_a2bk0_ppa4_c0_r1,,5.33361,0.705589,1,1,531fcd79ee,1,0.93;0.00;1.14;0.03;0.06;0.07,433;254;0,812,0.066577;730,0
fp,e_a2bk0_ppa4_c0,e_a2bk0_ppa4_c0_r1,,5.38822,0.650444,1,1,e693705e41,1,1.26;0.00;1.41;0.03;0.07;0.09,387;242;0,812,0.069016;730,0
fp,e0_rs_rca_c0,e0_rs_rca_c0_r1,,2.28613,0.581487,0,1,be9c75dc4e,1,0.83;0.00;1.08;0.03;0.07;0.03,354;211;0,358,0.169004;1763,0
fp,e_rs_rca_c0,e_rs_rca_c0_r1,,2.146,0.522138,0,1,22138c541f,1,1.12;0.00;1.38;0.08;0.06;0.03,315;190;0,358,0.161577;1763,0
fp,e0_rs_ppa_c0,e0_rs_ppa_c0_r1,,4.01423,0.586507,0,1,91f6d87579,1,0.92;0.00;2.00;0.03;0.07;0.04,365;204;1,404,0.123811;900,0
fp,e_rs_ppa_c0,e_rs_ppa_c0_r1,,3.92825,0.539878,0,1,31359a83a4,1,1.11;0.00;2.29;0.33;0.07;0.04,314;208;0,404,0.127790;900,0
fp,e0_rs_ppa4_c0,e0_rs_ppa4_c0_r1,,5.46463,0.581169,1,1,cda5f3b0bf,1,0.86;0.00;0.91;0.02;0.08;0.05,363;199;1,766,0.128130;675,0
fp,e_rs_ppa4_c0,e_rs_ppa4_c0_r1,,5.48832,0.527592,0,1,e6ad67263d,1,1.13;0.00;1.24;0.24;0.07;0.03,303;208;0,766,0.129380;675,0
fp,e0_rsk0_rca_c0,e0_rsk0_rca_c0_r1,,2.38282,0.662786,0,1,24c4fcade4,1,0.89;0.00;1.13;0.02;0.07;0.07,362;281;0,603,0.157956;1867,0
fp,e_rsk0_rca_c0,e_rsk0_rca_c0_r1,,2.08821,0.653208,1,1,6bd299f0f6,1,1.21;0.00;1.39;0.02;0.05;0.07,335;299;0,603,0.191652;1867,0
fp,e0_rsk0_ppa_c0,e0_rsk0_ppa_c0_r1,,4.04734,0.684492,0,1,7d70d7b684,1,1.06;0.00;1.99;0.03;0.07;0.06,401;269;0,649,0.145696;1004,0
fp,e_rsk0_ppa_c0,e_rsk0_ppa_c0_r1,,3.92559,0.62506,1,1,cda5f3b0bf,1,1.24;0.00;2.36;0.28;0.07;0.09,345;262;0,649,0.162557;1004,0
fp,e0_rsk0_ppa4_c0,e0_rsk0_ppa4_c0_r1,,5.72618,0.636862,1,1,cda5f3b0bf,1,0.93;0.00;0.94;0.02;0.08;0.07,330;289;0,1011,0.135301;779,0
fp,e_rsk0_ppa4_c0,e_rsk0_ppa4_c0_r1,,5.28358,0.599165,0,1,9321785920,1,1.22;0.00;1.20;0.17;0.07;0.06,302;271;10,1011,0.149429;779,0
fp,e_a2b_rca_c0,e_a2b_rca_c0_r2,,3.98326,0.548511,1,1,cda5f3b0bf,1,1.08;0.00;1.42;0.06;0.05;0.04,381;147;1,455,0.216645;1714,0
fp,e0_a2b_rca_c0,e0_a2b_rca_c0_r2,,4.18834,0.607176,0,1,7ffbfa5767,1,0.79;0.00;1.12;0.03;0.07;0.04,413;177;0,455,0.192993;1714,0
fp,e_a2b_ppa_c0,e_a2b_ppa_c0_r2,,4.72901,0.520709,0,1,6083635ef4,1,1.09;0.00;2.20;0.06;0.06;0.05,297;203;0,486,0.081810;878,0
fp,e0_a2b_ppa_c0,e0_a2b_ppa_c0_r2,,5.05472,0.577316,0,1,a776a4429c,1,0.80;0.00;2.08;0.03;0.08;0.04,408;154;0,486,0.128226;878,0
fp,e_a2b_ppa4_c0,e_a2b_ppa4_c0_r2,,5.33462,0.621338,0,1,31714dff12,1,1.13;0.00;1.34;0.02;0.06;0.04,439;161;0,566,0.072500;626,0
fp,e0_a2b_ppa4_c0,e0_a2b_ppa4_c0_r2,,5.448,0.657713,0,1,a7ea0a4bb9,1,0.92;0.00;1.16;0.02;0.07;0.04,462;178;0,566,0.044770;626,0
fp,e_a2bk0_rca_c0,e_a2bk0_rca_c0_r2,,3.84145,0.585384,0,1,f6d862a2f5,1,1.22;0.00;1.40;0.02;0.06;0.08,352;216;0,701,0.195426;1818,0
fp,e0_a2bk0_rca_c0,e0_a2bk0_rca_c0_r2,,4.12201,0.666296,1,1,cda5f3b0bf,1,0.91;0.00;1.09;0.03;0.08;0.05,388;260;0,701,0.147229;1818,0
fp,e_a2bk0_ppa_c0,e_a2bk0_ppa_c0_r2,,4.74827,0.585493,0,1,bc0d19f331,1,1.18;0.00;2.32;0.02;0.06;0.06,321;246;0,731,0.103939;982,0
fp,e0_a2bk0_ppa_c0,e0_a2bk0_ppa_c0_r2,,4.81154,0.651426,1,1,cda5f3b0bf,1,0.87;0.00;1.92;0.02;0.06;0.06,393;239;0,731,0.096291;982,0
fp,e_a2bk0_ppa4_c0,e_a2bk0_ppa4_c0_r2,,5.41329,0.649583,1,1,cda5f3b0bf,1,1.20;0.00;1.48;0.02;0.07;0.09,398;233;0,812,0.078376;730,0
fp,e0_a2bk0_ppa4_c0,e0_a2bk0_ppa4_c0_r2,,5.48929,0.696296,0,1,68f5dc28e0,1,0.94;0.00;1.13;0.03;0.07;0.07,433;245;0,812,0.060418;730,0
fp,e_rs_rca_c0,e_rs_rca_c0_r2,,2.26056,0.510928,0,1,552fbabd8e,1,1.12;0.00;1.48;0.07;0.08;0.06,290;203;0,358,0.148047;1763,0
fp,e0_rs_rca_c0,e0_rs_rca_c0_r2,,2.32935,0.584321,1,1,cda5f3b0bf,1,0.81;0.00;1.14;0.03;0.06;0.03,341;226;0,358,0.153128;1763,0
fp,e_rs_ppa_c0,e_rs_ppa_c0_r2,,3.82601,0.571737,0,1,31359a83a4,1,1.11;0.00;2.25;0.34;0.07;0.04,336;218;0,404,0.145711;900,0
fp,e0_rs_ppa_c0,e0_rs_ppa_c0_r2,,3.97437,0.584912,0,1,5e1d72fc52,1,0.90;0.00;2.03;0.03;0.06;0.04,371;198;0,404,0.131500;900,0
fp,e_rs_ppa4_c0,e_rs_ppa4_c0_r2,,5.45309,0.523624,0,1,312cf7967e,1,1.13;0.00;1.20;0.21;0.06;0.04,292;207;0,766,0.134349;675,0
fp,e0_rs_ppa4_c0,e0_rs_ppa4_c0_r2,,5.72958,0.586764,1,1,cda5f3b0bf,1,0.87;0.00;0.94;0.03;0.07;0.04,377;193;0,766,0.123718;675,0
fp,e_rsk0_rca_c0,e_rsk0_rca_c0_r2,,2.10125,0.575477,0,1,fdf9b59ba5,1,1.22;0.00;1.41;0.03;0.06;0.05,299;261;0,603,0.170814;1867,0
fp,e0_rsk0_rca_c0,e0_rsk0_rca_c0_r2,,2.33066,0.660601,0,1,401eb95a9c,1,0.89;0.00;1.09;0.02;0.07;0.06,351;293;0,603,0.168889;1867,0
fp,e_rsk0_ppa_c0,e_rsk0_ppa_c0_r2,,3.88488,0.66446,0,1,0c95897f67,1,1.22;0.00;2.31;0.27;0.07;0.07,381;265;0,649,0.193936;1004,0
fp,e0_rsk0_ppa_c0,e0_rsk0_ppa_c0_r2,,4.30618,0.694987,0,1,c70d264124,1,1.04;0.00;2.14;0.03;0.07;0.06,387;291;0,649,0.185468;1004,0
fp,e_rsk0_ppa4_c0,e_rsk0_ppa4_c0_r2,,5.54286,0.623521,1,1,19e2e7cf50,1,1.24;0.00;1.15;0.19;0.06;0.05,313;292;0,1011,0.136676;779,0
fp,e0_rsk0_ppa4_c0,e0_rsk0_ppa4_c0_r2,,5.58068,0.644365,0,1,460cd87c35,1,0.91;0.00;0.92;0.02;0.07;0.07,331;295;0,1011,0.129438;779,0
fp,e0_a2b_rca_c0,e0_a2b_rca_c0_r3,,3.9792,0.611744,0,1,720297b3ab,1,0.82;0.00;1.09;0.03;0.06;0.05,416;176;0,455,0.185231;1714,0
fp,e_a2b_rca_c0,e_a2b_rca_c0_r3,,3.75587,0.56316,0,1,6f74857f52,1,1.11;0.00;1.35;0.05;0.07;0.05,386;162;0,455,0.202894;1714,0
fp,e0_a2b_ppa_c0,e0_a2b_ppa_c0_r3,,4.88588,0.573591,0,1,f015700777,1,0.81;0.00;1.97;0.04;0.07;0.03,394;159;0,486,0.100067;878,0
fp,e_a2b_ppa_c0,e_a2b_ppa_c0_r3,,4.87898,0.503151,0,1,2685f0ce55,1,1.09;0.00;2.33;0.06;0.06;0.03,325;160;0,486,0.081530;878,0
fp,e0_a2b_ppa4_c0,e0_a2b_ppa4_c0_r3,,5.32955,0.659368,1,1,cda5f3b0bf,1,0.92;0.00;1.11;0.03;0.08;0.04,475;168;0,566,0.065742;626,0
fp,e_a2b_ppa4_c0,e_a2b_ppa4_c0_r3,,5.38228,0.613233,0,1,3af741e943,1,1.10;0.00;1.39;0.04;0.06;0.04,429;162;0,566,0.065667;626,0
fp,e0_a2bk0_rca_c0,e0_a2bk0_rca_c0_r3,,4.20233,0.62705,0,1,a3d492810a,1,0.87;0.00;1.11;0.03;0.07;0.07,363;245;0,701,0.139367;1818,0
fp,e_a2bk0_rca_c0,e_a2bk0_rca_c0_r3,,3.88924,0.609919,0,1,b3785c7fbc,1,1.20;0.00;1.40;0.02;0.07;0.05,334;259;0,701,0.173206;1818,0
fp,e0_a2bk0_ppa_c0,e0_a2bk0_ppa_c0_r3,,5.16821,0.608898,0,1,9041d6c464,1,0.88;0.00;2.13;0.02;0.06;0.06,364;225;0,731,0.093487;982,0
fp,e_a2bk0_ppa_c0,e_a2bk0_ppa_c0_r3,,4.75562,0.581803,0,1,7e85375432,1,1.21;0.00;2.27;0.02;0.07;0.06,317;246;0,731,0.123245;982,0
fp,e0_a2bk0_ppa4_c0,e0_a2bk0_ppa4_c0_r3,,5.46317,0.719746,1,1,9a5cbcefbf,1,0.95;0.00;1.14;0.02;0.07;0.05,473;229;0,812,0.085712;730,0
fp,e_a2bk0_ppa4_c0,e_a2bk0_ppa4_c0_r3,,5.392,0.655727,0,1,9d206ae252,1,1.23;0.00;1.44;0.03;0.07;0.06,391;245;0,812,0.072816;730,0
fp,e0_rs_rca_c0,e0_rs_rca_c0_r3,,2.26386,0.610077,0,1,be9c75dc4e,1,0.81;0.00;1.08;0.03;0.06;0.04,393;200;0,358,0.176179;1763,0
fp,e_rs_rca_c0,e_rs_rca_c0_r3,,2.17282,0.520392,0,1,398418c452,1,1.13;0.00;1.44;0.03;0.06;0.05,310;192;0,358,0.160872;1763,0
fp,e0_rs_ppa_c0,e0_rs_ppa_c0_r3,,3.88587,0.601941,0,1,91f6d87579,1,0.92;0.00;1.95;0.03;0.06;0.03,387;197;1,404,0.138838;900,0
fp,e_rs_ppa_c0,e_rs_ppa_c0_r3,,4.00546,0.547519,0,1,31359a83a4,1,1.13;0.00;2.29;0.37;0.08;0.04,334;196;0,404,0.138659;900,0
fp,e0_rs_ppa4_c0,e0_rs_ppa4_c0_r3,,5.49024,0.582935,1,1,c983742af2,1,0.87;0.00;0.96;0.03;0.06;0.04,348;216;0,766,0.122982;675,0
fp,e_rs_ppa4_c0,e_rs_ppa4_c0_r3,,5.63143,0.534541,1,1,bd48e6e7db,1,1.14;0.00;1.20;0.24;0.06;0.04,311;207;0,766,0.127925;675,0
fp,e0_rsk0_rca_c0,e0_rsk0_rca_c0_r3,,2.36606,0.661948,1,1,cda5f3b0bf,1,0.90;0.00;1.15;0.02;0.07;0.07,385;256;0,603,0.156738;1867,0
fp,e_rsk0_rca_c0,e_rsk0_rca_c0_r3,,2.15929,0.62526,0,1,aedb62ed3f,1,1.19;0.00;1.46;0.05;0.06;0.05,328;279;0,603,0.207405;1867,0
fp,e0_rsk0_ppa_c0,e0_rsk0_ppa_c0_r3,,3.86664,0.679601,0,1,2c8f0be95a,1,0.98;0.00;1.94;0.02;0.05;0.05,376;281;0,649,0.148984;1004,0
fp,e_rsk0_ppa_c0,e_rsk0_ppa_c0_r3,,4.04131,0.65156,0,1,020b2db9db,1,1.23;0.00;2.33;0.29;0.07;0.08,348;283;0,649,0.156035;1004,0
fp,e0_rsk0_ppa4_c0,e0_rsk0_ppa4_c0_r3,,5.69628,0.659922,1,1,cda5f3b0bf,1,0.96;0.00;0.96;0.02;0.05;0.05,339;300;0,1011,0.141544;779,0
fp,e_rsk0_ppa4_c0,e_rsk0_ppa4_c0_r3,,5.3238,0.600483,0,1,694533cf73,1,1.21;0.00;1.17;0.17;0.07;0.06,320;266;0,1011,0.149190;779,0
