fp,e0_a2b_rca_c0,e0_a2b_rca_c0_f1,,4.15865,0.60677,0,1,2c834e965b,1,0.81;0.00;1.11;0.04;0.07;0.05,389;194;0,455,0.167507;1714,0
fp,b_a2b_rca_c0,b_a2b_rca_c0_f1,,3.79371,0.474064,0,1,2fb0720838,1,1.53;0.00;1.29;0.04;0.06;0.05,286;170;0,455,0.114137;1714,0
fp,e0_a2b_ppa_c0,e0_a2b_ppa_c0_f1,,4.90133,0.562491,0,1,afc97c9373,1,0.81;0.00;1.94;0.03;0.06;0.04,364;181;0,486,0.081288;878,0
fp,b_a2b_ppa_c0,b_a2b_ppa_c0_f1,,4.74351,0.547844,0,1,75d6cada93,1,1.49;0.00;2.19;0.06;0.07;0.04,343;167;0,486,0.085960;878,0
fp,e0_a2b_ppa4_c0,e0_a2b_ppa4_c0_f1,,5.36029,0.635632,0,1,af884452b3,1,0.91;0.00;1.15;0.02;0.08;0.04,451;167;0,566,0.042093;626,0
fp,b_a2b_ppa4_c0,b_a2b_ppa4_c0_f1,,5.18342,0.639722,0,1,9df8583d15,1,1.55;0.00;1.26;0.03;0.06;0.04,436;185;0,566,0.074217;626,0
fp,e0_a2bk0_rca_c0,e0_a2bk0_rca_c0_f1,,4.1398,0.632684,0,1,480e32287e,1,0.88;0.00;1.14;0.03;0.07;0.06,370;246;0,701,0.171634;1818,0
fp,b_a2bk0_rca_c0,b_a2bk0_rca_c0_f1,,3.7764,0.600032,0,1,6756bea1d3,1,1.66;0.00;1.24;0.03;0.06;0.06,333;244;0,701,0.172648;1818,0
fp,e0_a2bk0_ppa_c0,e0_a2bk0_ppa_c0_f1,,4.90158,0.62763,0,1,d796f2a567,1,0.91;0.00;1.95;0.02;0.07;0.05,379;228;0,731,0.080828;982,0
fp,b_a2bk0_ppa_c0,b_a2bk0_ppa_c0_f1,,4.79901,0.579621,1,1,cda5f3b0bf,1,1.81;0.00;2.25;0.04;0.06;0.07,344;219;0,731,0.108264;982,0
fp,e0_a2bk0_ppa4_c0,e0_a2bk0_ppa4_c0_f1,,5.59786,0.7211,1,1,0e919eee6d,1,0.94;0.00;1.21;0.02;0.07;0.07,462;242;0,812,0.097853;730,0
fp,b_a2bk0_ppa4_c0,b_a2bk0_ppa4_c0_f1,,5.37927,0.667964,0,1,91c709ee4c,1,1.82;0.00;1.31;0.03;0.07;0.07,435;212;0,812,0.078686;730,0
fp,e0_rs_rca_c0,e0_rs_rca_c0_f1,,2.35369,0.608004,0,1,be9c75dc4e,1,0.81;0.00;1.15;0.02;0.09;0.04,387;202;0,358,0.167453;1763,0
fp,b_rs_rca_c0,b_rs_rca_c0_f1,,2.00665,0.537763,0,1,f335e37253,1,1.58;0.00;1.24;0.05;0.05;0.05,322;198;0,358,0.173724;1763,0
fp,e0_rs_ppa_c0,e0_rs_ppa_c0_f1,,3.95185,0.595398,0,1,6bd02e4422,1,0.92;0.00;1.96;0.03;0.08;0.04,375;205;0,404,0.146187;900,0
fp,b_rs_ppa_c0,b_rs_ppa_c0_f1,,3.87152,0.565114,0,1,0f183c22ad,1,1.60;0.00;2.18;0.42;0.08;0.04,310;234;0,404,0.135008;900,0
fp,e0_rs_ppa4_c0,e0_rs_ppa4_c0_f1,,5.49828,0.582703,1,1,cda5f3b0bf,1,0.86;0.00;0.97;0.03;0.08;0.03,369;195;0,766,0.115194;675,0
fp,b_rs_ppa4_c0,b_rs_ppa4_c0_f1,,5.44126,0.525202,0,1,af2278502a,1,1.61;0.00;1.10;0.25;0.06;0.04,314;195;0,766,0.133574;675,0
fp,e0_rsk0_rca_c0,e0_rsk0_rca_c0_f1,,2.44717,0.63829,1,1,cda5f3b0bf,1,0.91;0.00;1.17;0.03;0.08;0.06,343;279;0,603,0.153632;1867,0
fp,b_rsk0_rca_c0,b_rsk0_rca_c0_f1,,2.17233,0.625815,0,1,7dc0245d4c,1,1.76;0.00;1.28;0.03;0.06;0.06,321;281;0,603,0.191017;1867,0
fp,e0_rsk0_ppa_c0,e0_rsk0_ppa_c0_f1,,4.09778,0.705622,0,1,b6aa3000e0,1,1.06;0.00;2.09;0.04;0.06;0.05,381;306;0,649,0.166962;1004,0
fp,b_rsk0_ppa_c0,b_rsk0_ppa_c0_f1,,3.86117,0.631822,0,1,6785b34e30,1,1.86;0.00;2.28;0.29;0.06;0.05,325;289;0,649,0.198740;1004,0
fp,e0_rsk0_ppa4_c0,e0_rsk0_ppa4_c0_f1,,5.63241,0.667265,1,1,cda5f3b0bf,1,0.93;0.00;0.97;0.02;0.07;0.04,350;297;0,1011,0.153075;779,0
fp,b_rsk0_ppa4_c0,b_rsk0_ppa4_c0_f1,,5.42529,0.617962,0,1,2768e8ef8f,1,1.76;0.00;1.08;0.16;0.06;0.06,291;308;0,1011,0.149498;779,0
fp,b_a2b_rca_c0,b_a2b_rca_c0_f2,,3.83292,0.542345,0,1,f547ee5d11,1,1.52;0.00;1.27;0.10;0.07;0.04,357;172;0,455,0.190508;1714,0
fp,e0_a2b_rca_c0,e0_a2b_rca_c0_f2,,4.11436,0.563894,0,1,c0425aeaad,1,0.79;0.00;1.14;0.03;0.07;0.03,378;166;0,455,0.138290;1714,0
fp,b_a2b_ppa_c0,b_a2b_ppa_c0_f2,,4.69375,0.548715,0,1,d7569b06b6,1,1.65;0.00;2.18;0.05;0.06;0.03,330;198;0,486,0.088828;878,0
fp,e0_a2b_ppa_c0,e0_a2b_ppa_c0_f2,,4.9138,0.563541,0,1,7f720cf8c4,1,0.81;0.00;2.00;0.02;0.07;0.03,362;185;0,486,0.090113;878,0
fp,b_a2b_ppa4_c0,b_a2b_ppa4_c0_f2,,5.31368,0.603075,1,1,cda5f3b0bf,1,1.56;0.00;1.29;0.04;0.06;0.04,424;162;0,566,0.075025;626,0
fp,e0_a2b_ppa4_c0,e0_a2b_ppa4_c0_f2,,5.35974,0.652818,1,1,cda5f3b0bf,1,0.91;0.00;1.13;0.04;0.06;0.03,474;161;0,566,0.060659;626,0
fp,b_a2bk0_rca_c0,b_a2bk0_rca_c0_f2,,3.86825,0.596391,0,1,c0b8bf137a,1,1.73;0.00;1.30;0.04;0.06;0.06,324;250;0,701,0.165319;1818,0
fp,e0_a2bk0_rca_c0,e0_a2bk0_rca_c0_f2,,4.21146,0.643274,0,1,214da1dfd5,1,0.89;0.00;1.16;0.02;0.06;0.08,364;260;0,701,0.147128;1818,0
fp,b_a2bk0_ppa_c0,b_a2bk0_ppa_c0_f2,,4.54865,0.57708,1,1,cda5f3b0bf,1,1.81;0.00;2.20;0.02;0.07;0.05,317;243;0,731,0.101792;982,0
fp,e0_a2bk0_ppa_c0,e0_a2bk0_ppa_c0_f2,,5.07893,0.635737,0,1,ad802a2320,1,0.88;0.00;2.07;0.03;0.06;0.06,386;231;0,731,0.095045;982,0
fp,b_a2bk0_ppa4_c0,b_a2bk0_ppa4_c0_f2,,5.44381,0.673395,0,1,b8deb0b40e,1,1.75;0.00;1.35;0.04;0.06;0.05,419;231;0,812,0.084994;730,0
fp,e0_a2bk0_ppa4_c0,e0_a2bk0_ppa4_c0_f2,,5.4096,0.756734,0,1,b2f193d2b0,1,0.92;0.00;1.13;0.02;0.06;0.04,495;226;0,812,0.070545;730,0
fp,b_rs_rca_c0,b_rs_rca_c0_f2,,2.02172,0.553372,0,1,7bf19a997b,1,1.63;0.00;1.29;0.03;0.06;0.04,312;221;0,358,0.172746;1763,0
fp,e0_rs_rca_c0,e0_rs_rca_c0_f2,,2.26444,0.595931,0,1,1538b72e7b,1,0.81;0.00;1.09;0.02;0.06;0.05,360;219;0,358,0.152476;1763,0
fp,b_rs_ppa_c0,b_rs_ppa_c0_f2,,3.80274,0.599221,0,1,0f183c22ad,1,1.65;0.00;2.22;0.29;0.06;0.04,357;221;0,404,0.171465;900,0
fp,e0_rs_ppa_c0,e0_rs_ppa_c0_f2,,3.94244,0.615604,0,1,48fb5a26aa,1,0.94;0.00;1.97;0.05;0.06;0.04,409;185;0,404,0.173589;900,0
fp,b_rs_ppa4_c0,b_rs_ppa4_c0_f2,,5.47855,0.527453,0,1,de095c5925,1,1.62;0.00;1.09;0.24;0.06;0.04,305;206;0,766,0.130755;675,0
fp,e0_rs_ppa4_c0,e0_rs_ppa4_c0_f2,,5.70406,0.563295,1,1,cda5f3b0bf,1,0.87;0.00;1.03;0.03;0.06;0.06,342;204;0,766,0.119477;675,0
fp,b_rsk0_rca_c0,b_rsk0_rca_c0_f2,,2.143,0.63473,0,1,c546a34b82,1,1.73;0.00;1.27;0.03;0.07;0.08,308;305;0,603,0.187773;1867,0
fp,e0_rsk0_rca_c0,e0_rsk0_rca_c0_f2,,2.31259,0.683177,0,1,0419304c6e,1,0.87;0.00;1.10;0.02;0.06;0.06,366;296;0,603,0.194479;1867,0
fp,b_rsk0_ppa_c0,b_rsk0_ppa_c0_f2,,3.75896,0.634163,1,1,cda5f3b0bf,1,1.87;0.00;2.23;0.30;0.07;0.07,339;276;0,649,0.167437;1004,0
fp,e0_rsk0_ppa_c0,e0_rsk0_ppa_c0_f2,,4.05705,0.679478,0,1,078cc8e2f6,1,1.05;0.00;2.03;0.03;0.06;0.06,375;288;0,649,0.150616;1004,0
fp,b_rsk0_ppa4_c0,b_rsk0_ppa4_c0_f2,,5.52399,0.598866,0,1,1d75d22279,1,1.76;0.00;1.13;0.18;0.07;0.06,315;266;0,1011,0.136943;779,0
fp,e0_rsk0_ppa4_c0,e0_rsk0_ppa4_c0_f2,,5.62985,0.669612,1,1,cda5f3b0bf,1,0.95;0.00;0.95;0.03;0.06;0.05,384;268;0,1011,0.161465;779,0
fp,e0_a2b_rca_c0,e0_a2b_rca_c0_f3,,4.11683,0.556017,0,1,702fb65b5a,1,0.80;0.00;1.10;0.03;0.07;0.04,379;156;1,455,0.152648;1714,0
fp,b_a2b_rca_c0,b_a2b_rca_c0_f3,,3.81049,0.509527,0,1,e8741fca04,1,1.63;0.00;1.30;0.05;0.05;0.04,351;144;0,455,0.151544;1714,0
fp,e0_a2b_ppa_c0,e0_a2b_ppa_c0_f3,,4.99833,0.587858,0,1,3e63f48f27,1,0.80;0.00;2.08;0.03;0.07;0.05,409;160;0,486,0.111086;878,0
fp,b_a2b_ppa_c0,b_a2b_ppa_c0_f3,,4.68912,0.527724,0,1,94237e107c,1,1.62;0.00;2.21;0.07;0.06;0.03,345;165;0,486,0.089895;878,0
fp,e0_a2b_ppa4_c0,e0_a2b_ppa4_c0_f3,,5.35882,0.673956,1,1,cda5f3b0bf,1,0.91;0.00;1.17;0.02;0.08;0.04,476;180;0,566,0.069821;626,0
fp,b_a2b_ppa4_c0,b_a2b_ppa4_c0_f3,,5.2526,0.610769,1,1,cda5f3b0bf,1,1.58;0.00;1.30;0.06;0.06;0.04,429;165;0,566,0.074996;626,0
fp,e0_a2bk0_rca_c0,e0_a2bk0_rca_c0_f3,,4.19712,0.664993,1,1,626fc8dff9,1,0.90;0.00;1.10;0.03;0.07;0.04,437;209;0,701,0.174656;1818,0
fp,b_a2bk0_rca_c0,b_a2bk0_rca_c0_f3,,3.85903,0.588923,1,1,cd07f5174b,1,1.77;0.00;1.28;0.02;0.06;0.07,343;230;0,701,0.168547;1818,0
fp,e0_a2bk0_ppa_c0,e0_a2bk0_ppa_c0_f3,,4.94546,0.628171,1,1,cda5f3b0bf,1,0.87;0.00;1.96;0.02;0.07;0.06,379;232;0,731,0.091411;982,0
fp,b_a2bk0_ppa_c0,b_a2bk0_ppa_c0_f3,,4.75885,0.588429,1,1,cda5f3b0bf,1,1.86;0.00;2.24;0.02;0.06;0.08,335;236;0,731,0.115088;982,0
fp,e0_a2bk0_ppa4_c0,e0_a2bk0_ppa4_c0_f3,,5.38731,0.694015,0,1,f8ef8157a0,1,0.93;0.00;1.12;0.02;0.06;0.08,435;243;0,812,0.073343;730,0
fp,b_a2bk0_ppa4_c0,b_a2bk0_ppa4_c0_f3,,5.33566,0.664054,0,1,8cd442d9bd,1,1.69;0.00;1.33;0.03;0.07;0.06,413;233;0,812,0.087949;730,0
fp,e0_rs_rca_c0,e0_rs_rca_c0_f3,,2.30039,0.586931,0,1,0cfdee4f9f,1,0.80;0.00;1.14;0.03;0.06;0.04,365;206;0,358,0.162477;1763,0
fp,b_rs_rca_c0,b_rs_rca_c0_f3,,2.00751,0.549395,0,1,21cc820246,1,1.55;0.00;1.21;0.04;0.06;0.04,334;195;0,358,0.167065;1763,0
fp,e0_rs_ppa_c0,e0_rs_ppa_c0_f3,,4.16195,0.624663,0,1,e952d20620,1,0.94;0.00;2.11;0.03;0.07;0.03,429;179;0,404,0.155697;900,0
fp,b_rs_ppa_c0,b_rs_ppa_c0_f3,,3.85787,0.593327,0,1,0f183c22ad,1,1.70;0.00;2.16;0.40;0.07;0.06,378;197;0,404,0.184335;900,0
fp,e0_rs_ppa4_c0,e0_rs_ppa4_c0_f3,,5.68813,0.561532,1,1,cda5f3b0bf,1,0.86;0.00;0.93;0.03;0.07;0.04,338;204;0,766,0.118619;675,0
fp,b_rs_ppa4_c0,b_rs_ppa4_c0_f3,,5.37637,0.539741,0,1,42a84b37e6,1,1.65;0.00;1.05;0.20;0.07;0.04,313;206;0,766,0.131920;675,0
fp,e0_rsk0_rca_c0,e0_rsk0_rca_c0_f3,,2.31986,0.683683,0,1,c2b71f8273,1,0.88;0.00;1.11;0.03;0.06;0.06,377;285;0,603,0.167730;1867,0
fp,b_rsk0_rca_c0,b_rsk0_rca_c0_f3,,2.11274,0.615312,0,1,2a739f4f7d,1,1.69;0.00;1.26;0.02;0.08;0.06,312;271;0,603,0.188748;1867,0
fp,e0_rsk0_ppa_c0,e0_rsk0_ppa_c0_f3,,4.18755,0.662943,0,1,48775da789,1,1.07;0.00;2.01;0.03;0.07;0.08,367;276;0,649,0.146593;1004,0
fp,b_rsk0_ppa_c0,b_rsk0_ppa_c0_f3,,3.83169,0.626949,0,1,a9eb1ebf9a,1,1.87;0.00;2.24;0.30;0.07;0.06,344;265;0,649,0.163092;1004,0
fp,e0_rsk0_ppa4_c0,e0_rsk0_ppa4_c0_f3,,5.76259,0.660271,1,1,cda5f3b0bf,1,0.97;0.00;0.94;0.02;0.06;0.08,357;286;0,1011,0.147235;779,0
fp,b_rsk0_ppa4_c0,b_rsk0_ppa4_c0_f3,,5.28321,0.601541,1,1,2175e2b4f7,1,1.83;0.00;1.09;0.19;0.06;0.06,304;274;0,1011,0.155840;779,0
