ag,fin6_a2b_rca_c1,fin6_a2b_rca_c1_t16_r1,,3.62744,0.253806,0,1,ec78e9f720,1,2.74;0.00;1.35;0.02;0.06;0.06,109;128;0,373,0.060105;783,0
ag,fin6_a2b_rca_c1,fin6_a2b_rca_c1_t32_r1,,2.95989,0.273464,0,1,bdd4d7b4d2,1,2.02;0.00;1.47;0.03;0.07;0.07,128;129;0,373,0.078863;783,0
ag,fin6_rsk0_rca_c0,fin6_rsk0_rca_c0_t16_r1,,3.75156,0.552888,1,1,cda5f3b0bf,1,3.07;0.00;1.58;0.02;0.06;0.07,231;305;0,603,0.181407;1867,0
ag,fin6_rsk0_rca_c0,fin6_rsk0_rca_c0_t32_r1,,3.03569,0.554677,1,1,04183139de,1,2.33;0.00;1.84;0.02;0.06;0.08,232;306;0,603,0.164364;1867,0
ag,fin6_rs_ppa_c1,fin6_rs_ppa_c1_t16_r1,,3.48306,0.30521,0,1,1a6b52f5ab,1,2.73;0.00;1.36;0.03;0.06;0.07,146;141;0,358,0.085851;691,0
ag,fin6_rs_ppa_c1,fin6_rs_ppa_c1_t32_r1,,3.09694,0.3153,0,1,e32ed5b275,1,2.10;0.00;1.56;0.25;0.07;0.07,152;143;0,358,0.091152;691,0
ag,fin6_a2bk0_ppa4_c0,fin6_a2bk0_ppa4_c0_t16_r1,,6.16265,0.745837,0,1,f2ae9f923d,1,3.50;0.00;1.65;0.03;0.07;0.09,392;332;0,812,0.104166;730,0
ag,fin6_a2bk0_ppa4_c0,fin6_a2bk0_ppa4_c0_t32_r1,,6.23892,0.683026,0,1,dba44c041d,1,2.48;0.00;1.83;0.03;0.06;0.08,368;300;0,812,0.108122;730,0
ag,fin6_a2b_rca_c1,fin6_a2b_rca_c1_t16_r2,,3.57261,0.265936,0,1,e131578170,1,2.68;0.00;1.34;0.02;0.06;0.07,105;140;0,373,0.054820;783,0
ag,fin6_a2b_rca_c1,fin6_a2b_rca_c1_t32_r2,,3.01578,0.251252,0,1,29a4afc101,1,2.05;0.00;1.45;0.02;0.06;0.07,105;130;0,373,0.054739;783,0
ag,fin6_rsk0_rca_c0,fin6_rsk0_rca_c0_t16_r2,,3.74413,0.570875,0,1,7b026c693d,1,3.04;0.00;1.59;0.02;0.06;0.09,232;320;0,603,0.180075;1867,0
ag,fin6_rsk0_rca_c0,fin6_rsk0_rca_c0_t32_r2,,3.03346,0.557814,1,1,cda5f3b0bf,1,2.36;0.00;1.82;0.02;0.06;0.07,243;297;0,603,0.178982;1867,0
ag,fin6_rs_ppa_c1,fin6_rs_ppa_c1_t16_r2,,3.54547,0.297864,0,1,be14e6e562,1,2.77;0.00;1.37;0.03;0.06;0.07,133;144;0,358,0.071996;691,0
ag,fin6_rs_ppa_c1,fin6_rs_ppa_c1_t32_r2,,3.08625,0.339723,1,1,4be00c9f77,1,2.16;0.00;1.56;0.22;0.06;0.08,140;178;0,358,0.068930;691,0
ag,fin6_a2bk0_ppa4_c0,fin6_a2bk0_ppa4_c0_t16_r2,,6.13353,0.675193,0,1,cbe24513e9,1,3.51;0.00;1.69;0.03;0.06;0.09,364;295;0,812,0.089324;730,0
ag,fin6_a2bk0_ppa4_c0,fin6_a2bk0_ppa4_c0_t32_r2,,6.2562,0.695387,0,1,0f05be87ae,1,2.41;0.00;1.88;0.04;0.06;0.08,377;301;0,812,0.101074;730,0
