fp,e_rs_rca_c0,e_rs_rca_c0_n0_t32_r1,,2.07232,0.548679,0,1,671ccfdc36,1,1.10;0.00;1.34;0.07;0.07;0.04,312;217;0,358,0.157224;1763,0
fp,e_rs_rca_c0,e_rs_rca_c0_n10_t32_r1,,2.14797,0.498492,0,1,ee4c2ee5b3,1,1.15;0.00;1.38;0.10;0.08;0.04,274;207;0,358,0.131971;1763,0
fp,e_rs_rca_c0,e_rs_rca_c0_n19_t32_r1,,2.11233,0.499079,1,1,03c271e2eb,1,1.15;0.00;1.38;0.09;0.06;0.03,286;196;0,358,0.147840;1763,0
fp,e_rs_rca_c0,e_rs_rca_c0_n0_t16_r1,,2.1315,0.53833,0,1,467f840b81,1,1.51;0.00;1.36;0.08;0.06;0.03,326;195;0,358,0.176228;1763,0
fp,e_rs_rca_c0,e_rs_rca_c0_n10_t16_r1,,2.07092,0.502507,0,1,6eed69a050,1,1.62;0.00;1.25;0.02;0.07;0.04,262;222;0,358,0.139387;1763,0
fp,e_rs_ppa4_c0,e_rs_ppa4_c0_n0_t32_r1,,5.37837,0.538653,0,1,8dcca33c56,1,1.14;0.00;1.19;0.20;0.07;0.04,309;210;0,766,0.132977;675,0
fp,e_rs_ppa4_c0,e_rs_ppa4_c0_n10_t32_r1,,5.5668,0.5414,0,1,2d64ace29b,1,1.13;0.00;1.19;0.23;0.06;0.04,332;191;0,766,0.139535;675,0
fp,e_rs_ppa4_c0,e_rs_ppa4_c0_n19_t32_r1,,5.73564,0.541447,0,1,982b295b3c,1,1.16;0.00;1.16;0.20;0.06;0.05,296;229;0,766,0.143675;675,0
fp,e_rs_ppa4_c0,e_rs_ppa4_c0_n0_t16_r1,,5.3171,0.523169,0,1,44b967dd61,1,1.53;0.00;1.08;0.21;0.07;0.04,297;208;0,766,0.115512;675,0
fp,e_rs_ppa4_c0,e_rs_ppa4_c0_n10_t16_r1,,5.6268,0.539832,1,1,65ffef4456,1,1.60;0.00;1.07;0.21;0.07;0.04,323;196;0,766,0.155632;675,0
fp,e_a2b_rca_c0,e_a2b_rca_c0_n0_t32_r1,,3.89357,0.502851,0,1,4b7c4cc78a,1,1.10;0.00;1.38;0.07;0.05;0.03,304;184;0,455,0.150024;1714,0
fp,e_a2b_rca_c0,e_a2b_rca_c0_n10_t32_r1,,3.89701,0.527986,0,1,4b7c4cc78a,1,1.12;0.00;1.34;0.07;0.05;0.04,325;188;0,455,0.165109;1714,0
fp,e_a2b_rca_c0,e_a2b_rca_c0_n19_t32_r1,,3.87669,0.521029,1,1,cda5f3b0bf,1,1.10;0.00;1.36;0.06;0.06;0.04,348;155;1,455,0.156101;1714,0
fp,e_a2b_rca_c0,e_a2b_rca_c0_n0_t16_r1,,3.81689,0.509582,0,1,4b7c4cc78a,1,1.54;0.00;1.25;0.05;0.05;0.04,343;152;0,455,0.152968;1714,0
fp,e_a2b_rca_c0,e_a2b_rca_c0_n10_t16_r1,,3.77857,0.501218,1,1,cda5f3b0bf,1,1.52;0.00;1.27;0.04;0.07;0.04,327;152;2,455,0.146122;1714,0
fp,e_rsk0_ppa4_c0,e_rsk0_ppa4_c0_n0_t32_r1,,5.53638,0.617182,0,1,c94b68b118,1,1.23;0.00;1.25;0.16;0.07;0.06,345;257;0,1011,0.154497;779,0
fp,e_rsk0_ppa4_c0,e_rsk0_ppa4_c0_n10_t32_r1,,5.39783,0.587272,1,1,cda5f3b0bf,1,1.24;0.00;1.20;0.21;0.06;0.07,276;291;1,1011,0.138058;779,0
fp,e_rsk0_ppa4_c0,e_rsk0_ppa4_c0_n19_t32_r1,,5.43952,0.576236,1,1,cda5f3b0bf,1,1.22;0.00;1.21;0.18;0.07;0.08,315;244;1,1011,0.138522;779,0
fp,e_rsk0_ppa4_c0,e_rsk0_ppa4_c0_n0_t16_r1,,5.51208,0.582221,1,1,cda5f3b0bf,1,1.90;0.00;1.07;0.19;0.06;0.06,291;266;9,1011,0.146671;779,0
fp,e_rsk0_ppa4_c0,e_rsk0_ppa4_c0_n10_t16_r1,,5.33494,0.582808,1,1,cda5f3b0bf,1,1.69;0.00;1.12;0.18;0.06;0.08,288;275;1,1011,0.138566;779,0
fp,e_rs_rca_c0,e_rs_rca_c0_n0_t32_r2,,2.06278,0.536373,1,1,2cf97d4d1c,1,1.10;0.00;1.33;0.02;0.06;0.04,321;198;0,358,0.165499;1763,0
fp,e_rs_rca_c0,e_rs_rca_c0_n10_t32_r2,,2.05629,0.488982,0,1,6696f56d0f,1,1.12;0.00;1.32;0.03;0.05;0.04,273;196;0,358,0.125191;1763,0
fp,e_rs_rca_c0,e_rs_rca_c0_n19_t32_r2,,2.09851,0.532694,0,1,007df96d2e,1,1.11;0.00;1.34;0.09;0.05;0.04,310;201;0,358,0.154715;1763,0
fp,e_rs_rca_c0,e_rs_rca_c0_n0_t16_r2,,1.9869,0.519663,1,1,4ae4429b16,1,1.58;0.00;1.21;0.02;0.05;0.04,310;192;0,358,0.148709;1763,0
fp,e_rs_rca_c0,e_rs_rca_c0_n10_t16_r2,,2.02547,0.531987,0,1,6d5d1cf701,1,1.53;0.00;1.26;0.06;0.06;0.04,306;207;0,358,0.147382;1763,0
fp,e_rs_ppa4_c0,e_rs_ppa4_c0_n0_t32_r2,,5.51631,0.53166,0,1,3048e5caa9,1,1.13;0.00;1.22;0.21;0.06;0.04,315;202;0,766,0.126709;675,0
fp,e_rs_ppa4_c0,e_rs_ppa4_c0_n10_t32_r2,,5.64086,0.526092,0,1,634ead35f1,1,1.10;0.00;1.21;0.23;0.07;0.05,309;201;0,766,0.136765;675,0
