fp,mp0_a2bpw_rca_c0,mp0_a2bpw_rca_c0_e1,,3.55992,0.63502,0,1,54a6934d94,1,0.00;0.00;1.13;0.02;0.08;0.00,437;177;0,220,0.148650;1963,0
fp,mp_a2bpw_rca_c0,mp_a2bpw_rca_c0_e1,,3.50688,0.591191,0,1,3b51c5b420,1,0.00;0.00;1.17;0.03;0.06;0.00,401;173;0,220,0.171064;1963,0
fp,mp0_a2bpw_ppa_c0,mp0_a2bpw_ppa_c0_e1,,4.55461,0.636936,0,1,01dc6b9ea5,1,0.00;0.00;2.13;0.02;0.07;0.00,439;179;0,250,0.103577;891,0
fp,mp_a2bpw_ppa_c0,mp_a2bpw_ppa_c0_e1,,4.39444,0.529191,1,1,cda5f3b0bf,1,0.01;0.00;1.97;0.03;0.06;0.00,340;168;0,250,0.067900;891,0
fp,mp0_a2bpw_ppa4_c0,mp0_a2bpw_ppa4_c0_e1,,5.86185,0.710202,1,1,cda5f3b0bf,1,0.00;0.00;1.24;0.02;0.07;0.00,513;163;0,368,0.042532;630,0
fp,mp_a2bpw_ppa4_c0,mp_a2bpw_ppa4_c0_e1,,5.83912,0.656655,1,1,cda5f3b0bf,1,0.01;0.00;1.16;0.03;0.08;0.00,459;178;0,368,0.081323;630,0
fp,mp0_a2bpw_rca_c0,mp0_a2bpw_rca_c0_e2,,3.51108,0.642351,0,1,26b8912efb,1,0.01;0.00;1.17;0.02;0.07;0.00,443;178;0,220,0.161687;1963,0
fp,mp_a2bpw_rca_c0,mp_a2bpw_rca_c0_e2,,3.50578,0.609997,0,1,3ff29c2458,1,0.01;0.00;1.10;0.03;0.07;0.00,403;184;0,220,0.181789;1963,0
fp,mp0_a2bpw_ppa_c0,mp0_a2bpw_ppa_c0_e2,,4.41826,0.641171,0,1,e6eba83ab9,1,0.00;0.00;1.97;0.06;0.06;0.00,425;194;0,250,0.085402;891,0
fp,mp_a2bpw_ppa_c0,mp_a2bpw_ppa_c0_e2,,4.48697,0.533233,1,1,cda5f3b0bf,1,0.01;0.00;2.08;0.03;0.07;0.00,337;175;0,250,0.076335;891,0
fp,mp0_a2bpw_ppa4_c0,mp0_a2bpw_ppa4_c0_e2,,5.81349,0.686411,0,1,1d3b058639,1,0.01;0.00;1.14;0.04;0.06;0.00,470;197;0,368,0.044434;630,0
fp,mp_a2bpw_ppa4_c0,mp_a2bpw_ppa4_c0_e2,,5.73973,0.628059,1,1,cda5f3b0bf,1,0.00;0.00;1.20;0.03;0.06;0.00,424;187;0,368,0.062384;630,0
fp,mp0_a2bpw_rca_c0,mp0_a2bpw_rca_c0_e3,,3.44298,0.693297,0,1,c5170ad9fb,1,0.00;0.00;1.10;0.03;0.07;0.00,462;187;0,220,0.180290;1963,0
fp,mp_a2bpw_rca_c0,mp_a2bpw_rca_c0_e3,,3.52728,0.594088,0,1,ecdff4cdd5,1,0.00;0.00;1.16;0.02;0.08;0.00,408;167;0,220,0.193687;1963,0
fp,mp0_a2bpw_ppa_c0,mp0_a2bpw_ppa_c0_e3,,4.70136,0.623794,0,1,e4062a1d10,1,0.00;0.00;2.19;0.02;0.07;0.00,411;194;0,250,0.074714;891,0
fp,mp_a2bpw_ppa_c0,mp_a2bpw_ppa_c0_e3,,4.25692,0.525097,0,1,a40af5f62a,1,0.00;0.00;2.03;0.03;0.06;0.00,331;174;0,250,0.079802;891,0
fp,mp0_a2bpw_ppa4_c0,mp0_a2bpw_ppa4_c0_e3,,5.83709,0.6673,1,1,cda5f3b0bf,1,0.01;0.00;1.24;0.02;0.06;0.00,485;166;0,368,0.044203;630,0
fp,mp_a2bpw_ppa4_c0,mp_a2bpw_ppa4_c0_e3,,5.68567,0.646466,1,1,cda5f3b0bf,1,0.00;0.00;1.22;0.03;0.06;0.00,428;202;0,368,0.054410;630,0
