name,he,ot,keys,hpmpc_pre,pre_total,online
it_a2b_rca_x1,523.4,424.7,0.6,57.9,1006.6,175.1
it_a2b_rca_te1,523.4,584.1,0.6,66.7,1174.8,186.1
it_a2b_rca_te0,523.4,614.7,0.6,77.7,1216.4,197.1
it_a2b_rca_xl,523.4,384.0,0.6,58.7,966.7,175.9
it_a2b_ppa_x1,523.4,485.9,0.6,102.9,1112.9,276.4
it_a2b_ppa_te1,523.4,645.3,0.6,113.9,1283.2,298.4
it_a2b_ppa_te0,523.4,645.3,0.6,136.0,1305.3,331.4
it_a2b_ppa_xl,523.4,445.2,0.6,103.8,1073.0,277.2
it_a2b_ppa4_x1,523.4,1016.4,0.6,258.4,1798.8,166.1
it_a2b_ppa4_te1,523.4,1206.4,0.6,269.4,1999.8,188.1
it_a2b_ppa4_te0,523.4,886.6,0.6,247.2,1657.8,194.7
it_a2b_ppa4_xl,523.4,945.1,0.6,259.2,1728.3,166.9
it_a2bk0_rca_x1,962.0,424.7,0.6,59.2,1446.5,219.6
it_a2bk0_rca_te1,962.0,584.1,0.6,68.0,1614.6,230.6
it_a2bk0_rca_te0,962.0,614.7,0.6,79.0,1656.2,241.6
it_a2bk0_rca_xl,962.0,384.0,0.6,60.0,1406.6,220.4
it_a2bk0_ppa_x1,962.0,485.9,0.6,104.2,1552.7,320.8
it_a2bk0_ppa_te1,962.0,645.3,0.6,115.2,1723.1,342.8
it_a2bk0_ppa_te0,962.0,645.3,0.6,137.2,1745.1,375.8
it_a2bk0_ppa_xl,962.0,445.2,0.6,105.0,1512.8,321.6
it_a2bk0_ppa4_x1,962.0,1016.4,0.6,259.6,2238.6,210.6
it_a2bk0_ppa4_te1,962.0,1206.4,0.6,270.6,2439.6,232.6
it_a2bk0_ppa4_te0,962.0,886.6,0.6,248.6,2097.8,239.2
it_a2bk0_ppa4_xl,962.0,945.1,0.6,260.4,2168.1,211.4
it_a2bpw_rca_x1,0.0,424.7,0.6,57.9,483.2,130.6
it_a2bpw_rca_te1,0.0,584.1,0.6,66.7,651.4,141.6
it_a2bpw_rca_te0,0.0,614.7,0.6,77.7,693.0,152.6
it_a2bpw_rca_xl,0.0,384.0,0.6,57.1,441.7,131.4
it_a2bpw_ppa_x1,0.0,485.9,0.6,102.9,589.5,232.0
it_a2bpw_ppa_te1,0.0,645.3,0.6,113.9,759.8,254.0
it_a2bpw_ppa_te0,0.0,645.3,0.6,136.0,781.9,287.0
it_a2bpw_ppa_xl,0.0,445.2,0.6,102.2,548.0,232.8
it_a2bpw_ppa4_x1,0.0,1016.4,0.6,258.4,1275.4,121.6
it_a2bpw_ppa4_te1,0.0,1206.4,0.6,269.4,1476.4,143.6
it_a2bpw_ppa4_te0,0.0,886.6,0.6,247.2,1134.4,150.2
it_a2bpw_ppa4_xl,0.0,945.1,0.6,257.5,1203.2,122.4
