key,note,runs ok,preprocessing s,key setup s,conv s,conv filter NTT s,bool s,mux s,cot s,fc s,triple MiB sent P0,triple MiB recv P0,accuracy %
s0,Cheetah conv @2c4a753,3/3,17.14,1.37,7.48,5.38,0.51,1.07,0.48,0.11,905.76,206.01,100
s1,packed @2c4a753,3/3,17.95,1.41,13.65,,0.49,1.07,0.47,0.10,304.23,393.33,100
s2v,@6353a22; zero weights kept,3/3,11.92,1.49,7.49,,0.50,1.07,0.49,0.10,304.23,393.33,100
s3v,@420acb9; zero weights kept,3/3,9.13,1.49,4.66,,0.50,1.06,0.49,0.07,304.23,393.33,100
s4v,@7ce0741; zero weights kept,3/3,8.91,1.46,4.66,,0.36,1.10,0.49,0.07,304.23,393.33,100
s5v,@b10d558; zero weights kept,3/3,7.00,1.34,2.82,,0.36,1.08,0.48,0.08,304.23,393.33,100
s6v,@9826075; zero weights kept,3/3,5.38,1.28,2.74,,0.38,0.07,0.04,0.08,303.18,392.80,100
s7,@6a558a4,5/5,5.37,1.44,2.62,,0.35,0.06,0.04,0.09,303.18,392.80,100
pl0,@ea0dd8d per layer,3/3,5.69,1.40,2.88,,0.38,0.07,0.06,0.09,303.18,392.80,100
pl1,@ea0dd8d pipelined (s8),3/3,4.66,1.31,1.90,,0.35,0.07,0.06,0.09,303.18,392.80,100
otref13,wire format (s9); ferret b13; emp LPN,3/3,4.45,1.42,1.71,,0.35,0.06,0.07,0.10,305.46,281.86,100
ot13,wire format; b13; prefetching LPN,6/6,4.38,1.29,1.73,,0.36,0.06,0.05,0.09,305.46,281.86,100
otref12,wire format; b12; emp LPN,3/3,4.28,1.20,1.70,,0.35,0.07,0.06,0.09,305.46,281.86,100
ot12,wire format; b12; prefetching LPN,6/6,4.20,1.13,1.69,,0.37,0.06,0.06,0.09,305.46,281.86,100
otref11,wire format; b11; emp LPN,3/3,4.28,1.21,1.70,,0.37,0.06,0.04,0.09,305.46,281.86,100
ot11,wire format; b11; prefetching LPN,3/3,4.20,1.19,1.69,,0.38,0.06,0.06,0.09,305.46,281.86,100
fin,@d6c65f9 final (s10),3/3,4.26,1.15,1.74,,0.34,0.07,0.03,0.10,305.46,281.86,100
s2,@6353a22; zero weights skipped,3/3,8.98,1.37,4.64,,0.52,1.07,0.50,0.08,304.23,393.33,100
s3,@420acb9; zero weights skipped,3/3,6.63,1.50,2.18,,0.51,1.06,0.52,0.06,304.23,393.33,100
s4,@7ce0741; zero weights skipped,3/3,6.39,1.40,2.18,,0.35,1.09,0.49,0.06,304.23,393.33,100
s5,@b10d558; zero weights skipped,3/3,6.25,1.52,1.89,,0.36,1.09,0.47,0.08,304.23,393.33,100
s6,@9826075; zero weights skipped,3/3,4.60,1.39,1.81,,0.36,0.06,0.05,0.08,303.18,392.80,100
s0_ak0,Cheetah; A_KNOWN=0,2/2,19.09,1.45,9.14,5.50,0.51,1.07,0.48,0.07,1074.52,1040.71,100
s7c_ak0,Cheetah @6a558a4; A_KNOWN=0,2/2,17.77,1.48,9.26,5.63,0.37,0.06,0.04,0.08,1073.47,1040.19,100
s7_ak0,packed; A_KNOWN=0,2/2,5.48,1.31,2.75,,0.38,0.06,0.05,0.07,659.45,626.17,100
pl0_ak0,per layer; A_KNOWN=0,2/2,5.41,1.34,2.66,,0.40,0.06,0.04,0.07,659.45,626.17,100
pl1_ak0,pipelined; A_KNOWN=0,2/2,4.87,1.40,2.05,,0.41,0.06,0.04,0.07,659.45,626.17,100
fin_ak0,final; A_KNOWN=0,3/3,4.28,1.20,1.76,,0.36,0.06,0.05,0.07,550.80,517.52,100
s7c,Cheetah @6a558a4,3/3,15.21,1.56,7.38,4.96,0.35,0.06,0.03,0.10,904.71,205.48,100
s7c_mwk,Cheetah; MWK=1,2/2,16.22,1.70,7.44,5.02,0.36,0.05,0.04,0.06,904.71,247.88,100
s7c_mwk_zoff,Cheetah; MWK=1; TRIPLE_ZERO=OFF: fails,0/2,,,,,,,,,,,
s6_mwk,MWK=1; zero weights skipped,2/2,4.56,1.37,1.60,,0.35,0.06,0.06,0.06,303.18,435.20,100
s6v_mwk,MWK=1; zero weights kept,2/2,5.85,1.51,2.66,,0.36,0.06,0.07,0.09,303.18,435.20,100
s7_mwk,packed; MWK=1,2/2,5.82,1.49,2.70,,0.37,0.06,0.04,0.08,303.18,435.20,100
pl0_mwk,per layer; MWK=1,2/2,5.83,1.58,2.63,,0.36,0.06,0.05,0.08,303.17,435.20,100
pl1_mwk,pipelined; MWK=1,2/2,4.84,1.56,1.93,,0.35,0.06,0.05,0.06,303.18,435.20,100
fin_mwk,final; MWK=1,3/3,4.25,1.15,1.70,,0.35,0.07,0.07,0.06,305.46,324.26,100
s0_t8,Cheetah; 8 threads,2/2,27.47,0.84,12.24,8.53,3.35,1.06,0.46,0.18,918.40,218.65,100
s0_t16,Cheetah; 16 threads,2/2,20.67,0.87,9.54,6.35,1.44,1.05,0.47,0.14,914.19,214.44,100
s7_t8,packed; 8 threads,2/2,11.60,0.80,6.98,,2.66,0.12,0.05,0.13,315.82,405.44,100
s7_t16,packed; 16 threads,2/2,6.95,0.85,3.85,,1.20,0.09,0.04,0.11,311.61,401.23,100
cfp1,CIFAR-10; 10 images; pipelined,4/4,11.27,1.55,0.72,,0.09,0.02,0.02,0.10,2807.28,3225.25,75
cfp1_mwk,CIFAR-10; MWK=1; pipelined,1/1,11.10,1.36,0.77,,0.09,0.02,0.03,0.10,2807.25,3233.91,80
fincf,CIFAR-10; 10 images; final,4/4,10.87,1.16,0.73,,0.10,0.02,0.03,0.10,2831.12,3137.33,65
fincf_mwk,CIFAR-10; MWK=1; final,1/1,10.94,1.19,0.72,,0.09,0.02,0.04,0.10,2831.09,3145.99,80
