fp,ao_rspw_ppa4_c0,ao_rspw_ppa4_c0_p1,,5.01128,0.395545,0,1,199e8b9b45,1,0.00;0.00;1.02;0.02;0.07;0.00,273;102;1,459,0.100318;675,0
fp,ao_rspw_ppa4_c0_dc,ao_rspw_ppa4_c0_dc_p1,,4.89421,0.477554,1,1,cda5f3b0bf,1,0.03;0.00;0.93;0.03;0.04;0.00,320;131;0,456,0.078124;675,0
fp,ao_rs_ppa4_c0,ao_rs_ppa4_c0_p1,,5.41767,0.454022,0,1,861e261fa0,1,1.60;0.00;1.04;0.26;0.07;0.03,282;148;0,766,0.116684;675,0
fp,ao_rs_ppa4_c0_nocut,ao_rs_ppa4_c0_nocut_p1,,5.46539,0.411501,0,1,78027589e5,1,1.57;0.00;1.06;0.24;0.07;0.05,243;142;0,772,0.095604;675,0
fp,ao_a2bpw_ppa4_c0,ao_a2bpw_ppa4_c0_p1,,4.56143,0.496008,0,1,511961be4b,1,0.00;0.00;1.14;0.02;0.06;0.00,337;135;0,320,0.065126;626,0
fp,ao_a2bpw_ppa4_c0_nd,ao_a2bpw_ppa4_c0_nd_p1,,5.22579,0.480628,1,1,cda5f3b0bf,1,0.00;0.00;1.22;0.02;0.06;0.00,338;117;0,368,0.063674;626,0
fp,ao_rspw_ppa4_c0,ao_rspw_ppa4_c0_p2,,5.06561,0.386998,0,1,9bd0bab110,1,0.01;0.00;0.94;0.04;0.08;0.00,262;105;0,459,0.084716;675,0
fp,ao_rspw_ppa4_c0_dc,ao_rspw_ppa4_c0_dc_p2,,4.93379,0.470642,1,1,cda5f3b0bf,1,0.01;0.00;0.94;0.03;0.07;0.00,326;122;0,456,0.082320;675,0
fp,ao_rs_ppa4_c0,ao_rs_ppa4_c0_p2,,5.38565,0.45644,0,1,027c40af03,1,1.48;0.00;1.09;0.20;0.06;0.04,303;132;0,766,0.128270;675,0
fp,ao_rs_ppa4_c0_nocut,ao_rs_ppa4_c0_nocut_p2,,5.39113,0.411138,0,1,66e837bb56,1,1.57;0.00;1.05;0.24;0.06;0.04,261;124;8,772,0.096772;675,0
fp,ao_a2bpw_ppa4_c0,ao_a2bpw_ppa4_c0_p2,,4.48473,0.495618,0,1,e201f502a9,1,0.00;0.00;1.12;0.03;0.06;0.00,325;147;0,320,0.054208;626,0
fp,ao_a2bpw_ppa4_c0_nd,ao_a2bpw_ppa4_c0_nd_p2,,5.25364,0.478859,0,1,f8556529c5,1,0.00;0.00;1.17;0.02;0.06;0.00,334;120;0,368,0.057126;626,0
fp,ao_rspw_ppa4_c0,ao_rspw_ppa4_c0_p3,,5.06173,0.432042,0,1,deab82cb3b,1,0.02;0.00;0.97;0.02;0.05;0.00,298;109;0,459,0.082807;675,0
fp,ao_rspw_ppa4_c0_dc,ao_rspw_ppa4_c0_dc_p3,,4.9039,0.483239,1,1,cda5f3b0bf,1,0.00;0.00;0.96;0.02;0.06;0.00,330;130;0,456,0.096067;675,0
fp,ao_rs_ppa4_c0,ao_rs_ppa4_c0_p3,,5.53043,0.45211,1,1,6b9da6ec9d,1,1.65;0.00;1.06;0.22;0.07;0.04,293;135;0,766,0.123290;675,0
fp,ao_rs_ppa4_c0_nocut,ao_rs_ppa4_c0_nocut_p3,,5.68731,0.406046,0,1,6b9e53bc9c,1,1.63;0.00;1.07;0.25;0.07;0.04,250;135;1,772,0.083477;675,0
fp,ao_a2bpw_ppa4_c0,ao_a2bpw_ppa4_c0_p3,,4.64141,0.510414,0,1,774faa734b,1,0.00;0.00;1.14;0.03;0.07;0.00,359;127;0,320,0.079571;626,0
fp,ao_a2bpw_ppa4_c0_nd,ao_a2bpw_ppa4_c0_nd_p3,,5.25493,0.479542,0,1,a68683b436,1,0.01;0.00;1.23;0.03;0.05;0.00,327;128;0,368,0.073033;626,0
fp,ao_rspw_ppa4_c0,ao_rspw_ppa4_c0_p4,,4.97925,0.468854,0,1,f444bd7415,1,0.00;0.00;0.94;0.02;0.05;0.00,300;142;0,459,0.083999;675,0
fp,ao_rspw_ppa4_c0_dc,ao_rspw_ppa4_c0_dc_p4,,4.94076,0.480213,1,1,cda5f3b0bf,1,0.01;0.00;0.91;0.02;0.05;0.00,326;128;0,456,0.090869;675,0
fp,ao_rs_ppa4_c0,ao_rs_ppa4_c0_p4,,5.61056,0.434057,0,1,f1e6652804,1,1.54;0.00;1.12;0.24;0.08;0.04,282;132;1,766,0.121739;675,0
fp,ao_rs_ppa4_c0_nocut,ao_rs_ppa4_c0_nocut_p4,,5.62979,0.407293,0,1,4f903b057d,1,1.52;0.00;1.09;0.24;0.07;0.05,234;152;1,772,0.079372;675,0
fp,ao_a2bpw_ppa4_c0,ao_a2bpw_ppa4_c0_p4,,4.41831,0.525454,0,1,19909ed672,1,0.01;0.00;1.13;0.02;0.07;0.00,374;129;0,320,0.062495;626,0
fp,ao_a2bpw_ppa4_c0_nd,ao_a2bpw_ppa4_c0_nd_p4,,5.01771,0.483086,0,1,303ada3f31,1,0.01;0.00;1.13;0.03;0.07;0.00,321;136;0,368,0.063818;626,0
fp,ao_rspw_ppa4_c0,ao_rspw_ppa4_c0_p5,,5.02289,0.437963,0,1,00055ec247,1,0.00;0.00;0.93;0.03;0.07;0.00,300;110;0,459,0.102056;675,0
fp,ao_rspw_ppa4_c0_dc,ao_rspw_ppa4_c0_dc_p5,,4.90356,0.481583,1,1,cda5f3b0bf,1,0.00;0.00;0.97;0.03;0.05;0.00,324;130;0,456,0.095297;675,0
fp,ao_rs_ppa4_c0,ao_rs_ppa4_c0_p5,,5.39301,0.461728,0,1,de184242c8,1,1.59;0.00;1.07;0.27;0.06;0.04,289;148;0,766,0.113785;675,0
fp,ao_rs_ppa4_c0_nocut,ao_rs_ppa4_c0_nocut_p5,,5.63741,0.404097,0,1,3e61e3b22c,1,1.62;0.00;1.09;0.23;0.06;0.04,240;140;1,772,0.077120;675,0
fp,ao_a2bpw_ppa4_c0,ao_a2bpw_ppa4_c0_p5,,4.44758,0.526132,0,1,351244c5fc,1,0.00;0.00;1.13;0.02;0.07;0.00,380;123;0,320,0.057418;626,0
fp,ao_a2bpw_ppa4_c0_nd,ao_a2bpw_ppa4_c0_nd_p5,,5.08058,0.483855,0,1,1178b16db1,1,0.00;0.00;1.18;0.02;0.06;0.00,323;134;0,368,0.062585;626,0
RUN_DONE
