fp,ao_rspw_rca_c0_dc,ao_rspw_rca_c0_dc_b1,,1.6065,0.515984,1,1,cda5f3b0bf,1,0.00;0.00;1.05;0.02;0.06;0.00,366;124;0,122,0.164727;1763,0
fp,ao_rspw_rca_c0,ao_rspw_rca_c0_b1,,1.82851,0.549705,0,1,2cdd1ed61f,1,0.00;0.00;1.21;0.02;0.07;0.00,383;140;0,122,0.185087;2008,0
fp,ao_rspw_ppa_c0_dc,ao_rspw_ppa_c0_dc_b1,,3.16054,0.51296,1,1,cda5f3b0bf,1,0.00;0.00;2.00;0.03;0.06;0.00,338;146;0,168,0.110589;900,0
fp,ao_rspw_ppa_c0,ao_rspw_ppa_c0_b1,,3.23223,0.47575,1,1,cda5f3b0bf,1,0.00;0.00;1.98;0.03;0.06;0.00,322;126;0,168,0.099497;903,0
fp,ao_rspw_ppa4_c0_dc,ao_rspw_ppa4_c0_dc_b1,,4.7299,0.504466,1,1,cda5f3b0bf,1,0.00;0.00;0.92;0.02;0.05;0.00,339;142;0,456,0.104826;675,0
fp,ao_rspw_ppa4_c0,ao_rspw_ppa4_c0_b1,,5.12195,0.416309,0,1,263616f239,1,0.00;0.00;0.93;0.04;0.06;0.00,291;100;0,459,0.085322;675,0
fp,ao_a2b_rca_t1f8,ao_a2b_rca_t1f8_b1,,3.43541,0.38049,1,1,cda5f3b0bf,1,1.55;0.00;1.25;0.10;0.13;0.04,253;111;0,475,0.138626;1566,0
fp,ao_a2b_rca_c0,ao_a2b_rca_c0_b1,,3.23398,0.394343,1,1,cda5f3b0bf,1,1.58;0.00;1.30;0.08;0.06;0.04,243;132;1,444,0.148115;1714,0
fp,ao_a2b_ppa_t1f8,ao_a2b_ppa_t1f8_b1,,3.54472,0.38253,0,1,6ce0bcbae4,1,1.65;0.00;2.14;0.10;0.12;0.04,240;122;0,475,0.083426;874,0
fp,ao_a2b_ppa_c0,ao_a2b_ppa_c0_b1,,4.10832,0.384492,0,1,e8a9369ba3,1,1.57;0.00;2.25;0.05;0.05;0.04,234;134;0,475,0.096253;878,0
fp,ao_a2b_ppa4_t1f8,ao_a2b_ppa4_t1f8_b1,,4.79025,0.423311,0,1,bebad0fb59,1,1.61;0.00;1.22;0.11;0.12;0.05,285;118;0,583,0.049327;625,0
fp,ao_a2b_ppa4_c0,ao_a2b_ppa4_c0_b1,,4.58835,0.477535,0,1,c87d0e5498,1,1.63;0.00;1.32;0.06;0.06;0.03,317;139;0,556,0.080732;626,0
fp,ao_a2bk0_rca_t1f8,ao_a2bk0_rca_t1f8_b1,,3.3989,0.49539,0,1,81a85c4a7c,1,1.86;0.00;1.22;0.10;0.12;0.06,240;237;0,721,0.206346;1670,0
fp,ao_a2bk0_rca_c0,ao_a2bk0_rca_c0_b1,,3.16231,0.475658,0,1,90a565b6a2,1,1.84;0.00;1.29;0.03;0.07;0.05,238;220;0,690,0.148475;1818,0
fp,ao_a2bk0_ppa_t1f8,ao_a2bk0_ppa_t1f8_b1,,3.6282,0.428005,0,1,664a8279b4,1,1.77;0.00;2.22;0.10;0.15;0.07,230;176;0,721,0.098664;978,0
fp,ao_a2bk0_ppa_c0,ao_a2bk0_ppa_c0_b1,,4.08701,0.471567,0,1,adea7a8ab7,1,1.86;0.00;2.28;0.02;0.06;0.07,259;195;1,720,0.115752;982,0
fp,ao_a2bk0_ppa4_t1f8,ao_a2bk0_ppa4_t1f8_b1,,4.77669,0.493526,0,1,0bb56813e9,1,1.80;0.00;1.24;0.10;0.15;0.05,294;177;0,829,0.076970;729,0
fp,ao_a2bk0_ppa4_c0,ao_a2bk0_ppa4_c0_b1,,4.71374,0.539386,0,1,63acc57a93,1,1.81;0.00;1.31;0.02;0.07;0.05,325;197;0,801,0.075346;730,0
fp,ao_a2bpw_rca_t1f8,ao_a2bpw_rca_t1f8_b1,,3.15013,0.413295,0,1,9daa4078af,1,0.00;0.00;1.11;0.11;0.14;0.00,264;117;0,240,0.137587;1566,0
fp,ao_a2bpw_rca_c0,ao_a2bpw_rca_c0_b1,,2.98324,0.4736,0,1,b7202a0e01,1,0.00;0.00;1.12;0.03;0.06;0.00,304;148;0,209,0.166377;1714,0
fp,ao_a2bpw_ppa_t1f8,ao_a2bpw_ppa_t1f8_b1,,3.41871,0.381107,0,1,f11e6dc44f,1,0.00;0.00;1.95;0.13;0.14;0.00,219;145;0,240,0.081717;874,0
fp,ao_a2bpw_ppa_c0,ao_a2bpw_ppa_c0_b1,,3.88512,0.443155,0,1,fccf326ad2,1,0.00;0.00;2.00;0.03;0.06;0.00,281;137;0,239,0.080569;878,0
fp,ao_a2bpw_ppa4_t1f8,ao_a2bpw_ppa4_t1f8_b1,,4.51928,0.520248,0,1,726874c99c,1,0.00;0.00;1.07;0.14;0.13;0.00,369;132;0,348,0.065791;625,0
fp,ao_a2bpw_ppa4_c0,ao_a2bpw_ppa4_c0_b1,,4.47736,0.52215,0,1,533b33ac8d,1,0.01;0.00;1.14;0.03;0.07;0.00,366;132;0,320,0.081598;626,0
fp,ao_rspw_rca_c0_dc,ao_rspw_rca_c0_dc_b2,,1.75771,0.501185,1,1,cda5f3b0bf,1,0.00;0.00;1.16;0.02;0.07;0.00,349;131;0,122,0.153165;1763,0
fp,ao_rspw_rca_c0,ao_rspw_rca_c0_b2,,1.75824,0.559782,0,1,82071fbee1,1,0.00;0.00;1.16;0.03;0.06;0.00,381;155;0,122,0.198982;2008,0
fp,ao_rspw_ppa_c0_dc,ao_rspw_ppa_c0_dc_b2,,3.17747,0.511734,0,1,d03c31d16e,1,0.01;0.00;1.98;0.05;0.06;0.00,357;128;0,168,0.091311;900,0
fp,ao_rspw_ppa_c0,ao_rspw_ppa_c0_b2,,3.31523,0.5283,1,1,cda5f3b0bf,1,0.00;0.00;2.08;0.04;0.06;0.00,371;134;0,168,0.163181;903,0
fp,ao_rspw_ppa4_c0_dc,ao_rspw_ppa4_c0_dc_b2,,4.92571,0.491469,1,1,cda5f3b0bf,1,0.01;0.00;0.92;0.02;0.06;0.00,325;140;0,456,0.094935;675,0
fp,ao_rspw_ppa4_c0,ao_rspw_ppa4_c0_b2,,5.07733,0.422989,0,1,f274357667,1,0.01;0.00;1.02;0.02;0.06;0.00,283;116;0,459,0.093991;675,0
fp,ao_a2b_rca_t1f8,ao_a2b_rca_t1f8_b2,,3.36651,0.387212,0,1,1949d4f569,1,1.57;0.00;1.23;0.12;0.12;0.05,255;115;0,475,0.145647;1566,0
fp,ao_a2b_rca_c0,ao_a2b_rca_c0_b2,,3.20106,0.421437,0,1,6cde2e22ce,1,1.61;0.00;1.22;0.05;0.07;0.04,295;111;0,444,0.180532;1714,0
fp,ao_a2b_ppa_t1f8,ao_a2b_ppa_t1f8_b2,,3.64001,0.369776,0,1,67ad44aa1c,1,1.71;0.00;2.22;0.11;0.12;0.06,217;131;0,475,0.088272;874,0
fp,ao_a2b_ppa_c0,ao_a2b_ppa_c0_b2,,4.15709,0.391055,0,1,e4ffe2db2f,1,1.73;0.00;2.15;0.03;0.07;0.04,256;116;0,475,0.096110;878,0
fp,ao_a2b_ppa4_t1f8,ao_a2b_ppa4_t1f8_b2,,4.81808,0.443392,0,1,14ccbf2387,1,1.46;0.00;1.29;0.14;0.10;0.05,314;109;0,583,0.069508;625,0
fp,ao_a2b_ppa4_c0,ao_a2b_ppa4_c0_b2,,4.61579,0.462695,1,1,cda5f3b0bf,1,1.54;0.00;1.26;0.04;0.06;0.04,343;99;0,556,0.068487;626,0
fp,ao_a2bk0_rca_t1f8,ao_a2bk0_rca_t1f8_b2,,3.43614,0.451525,0,1,6776755214,1,1.80;0.00;1.27;0.09;0.12;0.07,262;175;0,721,0.165912;1670,0
fp,ao_a2bk0_rca_c0,ao_a2bk0_rca_c0_b2,,3.25625,0.509972,0,1,4610f2b779,1,1.85;0.00;1.27;0.03;0.07;0.07,293;197;0,690,0.179487;1818,0
fp,ao_a2bk0_ppa_t1f8,ao_a2bk0_ppa_t1f8_b2,,3.60402,0.430435,0,1,796c67ed37,1,1.80;0.00;2.16;0.13;0.13;0.06,262;149;0,721,0.085089;978,0
fp,ao_a2bk0_ppa_c0,ao_a2bk0_ppa_c0_b2,,4.1695,0.488942,0,1,6c3068bf3b,1,1.82;0.00;2.26;0.02;0.07;0.07,251;220;1,720,0.110828;982,0
fp,ao_a2bk0_ppa4_t1f8,ao_a2bk0_ppa4_t1f8_b2,,4.89695,0.512476,0,1,514035e09d,1,1.76;0.00;1.26;0.12;0.14;0.06,331;162;0,829,0.082993;729,0
fp,ao_a2bk0_ppa4_c0,ao_a2bk0_ppa4_c0_b2,,4.68109,0.512684,0,1,c75c14814e,1,1.65;0.00;1.37;0.02;0.06;0.06,312;183;0,801,0.066459;730,0
fp,ao_a2bpw_rca_t1f8,ao_a2bpw_rca_t1f8_b2,,3.18934,0.422851,0,1,7cb8ca2e7a,1,0.01;0.00;1.09;0.10;0.12;0.00,261;143;0,240,0.144329;1566,0
fp,ao_a2bpw_rca_c0,ao_a2bpw_rca_c0_b2,,3.03744,0.490396,0,1,b7202a0e01,1,0.00;0.00;1.15;0.06;0.06;0.00,322;146;0,209,0.175126;1714,0
fp,ao_a2bpw_ppa_t1f8,ao_a2bpw_ppa_t1f8_b2,,3.36227,0.38916,0,1,aad16461d4,1,0.00;0.00;1.93;0.13;0.14;0.00,241;127;0,240,0.086830;874,0
fp,ao_a2bpw_ppa_c0,ao_a2bpw_ppa_c0_b2,,3.89452,0.459576,0,1,c6197e5c24,1,0.01;0.00;1.94;0.03;0.07;0.00,297;140;0,239,0.083882;878,0
fp,ao_a2bpw_ppa4_t1f8,ao_a2bpw_ppa4_t1f8_b2,,4.5607,0.521305,0,1,a737510349,1,0.00;0.00;1.11;0.10;0.15;0.00,380;124;0,348,0.063594;625,0
fp,ao_a2bpw_ppa4_c0,ao_a2bpw_ppa4_c0_b2,,4.48502,0.518284,0,1,05804229ae,1,0.00;0.00;1.10;0.03;0.06;0.00,345;149;0,320,0.060701;626,0
fp,ao_rspw_rca_c0_dc,ao_rspw_rca_c0_dc_b3,,1.75693,0.477795,1,1,cda5f3b0bf,1,0.02;0.00;1.18;0.05;0.06;0.00,362;95;0,122,0.164621;1763,0
fp,ao_rspw_rca_c0,ao_rspw_rca_c0_b3,,1.74914,0.53146,0,1,82071fbee1,1,0.01;0.00;1.15;0.02;0.06;0.00,364;141;0,122,0.169667;2008,0
fp,ao_rspw_ppa_c0_dc,ao_rspw_ppa_c0_dc_b3,,3.11015,0.482704,0,1,c60eaa0839,1,0.01;0.00;1.94;0.03;0.06;0.00,326;131;0,168,0.090273;900,0
fp,ao_rspw_ppa_c0,ao_rspw_ppa_c0_b3,,3.29521,0.498132,1,1,cda5f3b0bf,1,0.00;0.00;2.10;0.04;0.06;0.00,361;110;0,168,0.115503;903,0
fp,ao_rspw_ppa4_c0_dc,ao_rspw_ppa4_c0_dc_b3,,4.96413,0.478086,1,1,cda5f3b0bf,1,0.01;0.00;1.01;0.03;0.04;0.00,333;122;0,456,0.086795;675,0
fp,ao_rspw_ppa4_c0,ao_rspw_ppa4_c0_b3,,4.89098,0.423282,0,1,4d70eafb2a,1,0.00;0.00;0.98;0.02;0.06;0.00,283;118;0,459,0.084640;675,0
fp,ao_a2b_rca_t1f8,ao_a2b_rca_t1f8_b3,,3.3259,0.396716,0,1,3f49e412ef,1,1.60;0.00;1.18;0.11;0.12;0.04,253;123;0,475,0.156708;1566,0
fp,ao_a2b_rca_c0,ao_a2b_rca_c0_b3,,3.19636,0.41973,1,1,cda5f3b0bf,1,1.57;0.00;1.23;0.06;0.07;0.04,290;107;1,444,0.177061;1714,0
fp,ao_a2b_ppa_t1f8,ao_a2b_ppa_t1f8_b3,,3.46583,0.379527,0,1,605a1aadad,1,1.70;0.00;2.08;0.09;0.11;0.04,245;107;0,475,0.087036;874,0
fp,ao_a2b_ppa_c0,ao_a2b_ppa_c0_b3,,4.16421,0.388181,0,1,0be3a38bd6,1,1.56;0.00;2.23;0.07;0.07;0.04,257;114;0,475,0.090805;878,0
fp,ao_a2b_ppa4_t1f8,ao_a2b_ppa4_t1f8_b3,,4.79349,0.459175,0,1,15ac7f3579,1,1.59;0.00;1.21;0.10;0.13;0.04,317;123;0,583,0.060373;625,0
fp,ao_a2b_ppa4_c0,ao_a2b_ppa4_c0_b3,,4.63118,0.455607,1,1,cda5f3b0bf,1,1.54;0.00;1.25;0.08;0.06;0.04,336;101;0,556,0.071591;626,0
fp,ao_a2bk0_rca_t1f8,ao_a2bk0_rca_t1f8_b3,,3.48411,0.448161,0,1,0643ef0c74,1,1.71;0.00;1.29;0.11;0.14;0.07,246;188;0,721,0.154736;1670,0
fp,ao_a2bk0_rca_c0,ao_a2bk0_rca_c0_b3,,3.18087,0.46149,0,1,23d84038cd,1,1.87;0.00;1.27;0.02;0.07;0.07,257;188;1,690,0.158398;1818,0
fp,ao_a2bk0_ppa_t1f8,ao_a2bk0_ppa_t1f8_b3,,3.73439,0.436908,0,1,0e8cb9ed1e,1,1.72;0.00;2.28;0.09;0.15;0.07,245;176;1,721,0.105439;978,0
fp,ao_a2bk0_ppa_c0,ao_a2bk0_ppa_c0_b3,,4.21564,0.47616,0,1,81e1476842,1,1.84;0.00;2.26;0.03;0.07;0.07,226;231;0,720,0.097343;982,0
fp,ao_a2bk0_ppa4_t1f8,ao_a2bk0_ppa4_t1f8_b3,,4.86049,0.491299,0,1,9a536b9c67,1,1.82;0.00;1.28;0.11;0.15;0.05,290;183;0,829,0.070355;729,0
fp,ao_a2bk0_ppa4_c0,ao_a2bk0_ppa4_c0_b3,,4.80252,0.544343,1,1,c0295412de,1,1.85;0.00;1.35;0.03;0.06;0.06,313;211;0,801,0.069536;730,0
fp,ao_a2bpw_rca_t1f8,ao_a2bpw_rca_t1f8_b3,,3.14427,0.386173,0,1,2865b31b8f,1,0.00;0.00;1.11;0.10;0.15;0.00,227;142;0,240,0.116078;1566,0
fp,ao_a2bpw_rca_c0,ao_a2bpw_rca_c0_b3,,2.95175,0.438085,0,1,b7202a0e01,1,0.00;0.00;1.13;0.03;0.07;0.00,311;106;0,209,0.145073;1714,0
fp,ao_a2bpw_ppa_t1f8,ao_a2bpw_ppa_t1f8_b3,,3.39023,0.402592,0,1,b3d9bf209a,1,0.00;0.00;1.98;0.10;0.13;0.00,275;111;0,240,0.100965;874,0
fp,ao_a2bpw_ppa_c0,ao_a2bpw_ppa_c0_b3,,3.93969,0.461315,0,1,4dfe97887b,1,0.00;0.00;1.99;0.02;0.06;0.00,308;129;0,239,0.078303;878,0
fp,ao_a2bpw_ppa4_t1f8,ao_a2bpw_ppa4_t1f8_b3,,4.6055,0.522039,0,1,b032b1f96d,1,0.00;0.00;1.14;0.10;0.13;0.00,378;124;0,348,0.069279;625,0
fp,ao_a2bpw_ppa4_c0,ao_a2bpw_ppa4_c0_b3,,4.61326,0.499862,0,1,e9e6e7b1e5,1,0.00;0.00;1.08;0.02;0.07;0.00,336;141;0,320,0.064500;626,0
RUN_DONE
