tag,pre,online,acc_ok,acc_n,hash,procs,pre_phases_CONV;BN;BOOL;COT;MUX;FC,live_ms_ACT;CONV;BN,mb_pre,mb_live,wait_s;rounds,errors
wcpu_t12_a2b_rca_r1,11.6032,0.473506,0,1,fd10d7ed27,1,5.77;0.00;5.22;0.15;0.18;0.06,232;212;0,444,0.060679;1714,0
wgpu_t12_a2b_rca_r1,13.0512,0.446854,0,1,caefdeae30,1,1.45;0.00;5.37;0.22;0.18;0.06,217;204;0,444,0.060968;1714,0
wcpu_t8_a2b_rca_r1,12.5813,0.456903,0,1,02351c76bf,1,4.45;0.00;4.74;0.11;0.16;0.06,235;196;0,438,0.078221;1714,0
wgpu_t8_a2b_rca_r1,12.7537,0.469477,0,1,9bb6512e24,1,1.36;0.00;5.06;0.06;0.16;0.06,232;213;0,438,0.075654;1714,0
wcpu_t12_a2b_rca_r2,11.9628,0.426601,1,1,8359d9752e,1,4.92;0.00;5.31;0.29;0.18;0.06,208;194;1,444,0.060743;1714,0
wgpu_t12_a2b_rca_r2,11.6681,0.439502,0,1,caefdeae30,1,1.41;0.00;4.63;0.17;0.16;0.06,214;203;0,444,0.071871;1714,0
wcpu_t8_a2b_rca_r2,12.2339,0.444054,0,1,f8c4433fd9,1,5.08;0.00;4.58;0.15;0.16;0.06,216;205;0,438,0.056893;1714,0
wgpu_t8_a2b_rca_r2,12.6834,0.820448,1,1,cda5f3b0bf,1,1.40;0.00;3.99;0.19;0.19;0.07,484;302;1,438,0.196070;1714,0
wgfg_t12_a2b_rca_chk,14.4305,0.753346,0,1,467bbd2ed6,1,2.56;0.00;6.73;0.26;0.30;0.07,427;297;0,444,0.175754;1714,0
wcpu_t12_a2b_rca_g1,13.0475,0.559445,0,1,06644af1a6,1,5.75;0.00;5.72;0.30;0.18;0.05,289;241;1,444,0.085949;1714,0
wgpu_t12_a2b_rca_g1,11.8189,0.470996,0,1,caefdeae30,1,1.76;0.00;4.96;0.29;0.31;0.06,239;206;0,444,0.091131;1714,0
wgfg_t12_a2b_rca_g1,11.3782,0.507484,0,1,caefdeae30,1,1.67;0.00;4.97;0.24;0.19;0.06,268;212;0,444,0.092911;1714,0
wcpu_t12_a2b_rca_g2,11.4873,0.465531,0,1,7232641b58,1,4.69;0.00;5.11;0.23;0.13;0.06,232;205;0,444,0.081112;1714,0
wgpu_t12_a2b_rca_g2,11.6062,0.453506,0,1,7764613bb2,1,1.33;0.00;4.72;0.25;0.13;0.05,215;213;0,444,0.064389;1714,0
wgfg_t12_a2b_rca_g2,11.4587,0.462214,0,1,caefdeae30,1,1.48;0.00;4.79;0.26;0.14;0.06,231;203;0,444,0.059580;1714,0
wcpu_t12_a2b_rca_g3,11.913,0.451523,0,1,494efef49a,1,4.74;0.00;4.91;0.13;0.13;0.05,219;208;0,444,0.070465;1714,0
wgpu_t12_a2b_rca_g3,11.405,0.434786,0,1,bb9a943c9a,1,1.46;0.00;4.93;0.23;0.18;0.06,218;193;1,444,0.081182;1714,0
wgfg_t12_a2b_rca_g3,11.8371,0.463546,0,1,f04d6a2e71,1,1.54;0.00;4.78;0.25;0.18;0.06,249;188;1,444,0.097830;1714,0
wcpu_t12_a2b_rca_s1,11.6141,0.466278,0,1,7150d0b83d,1,4.91;0.00;4.98;0.27;0.15;0.05,226;214;0,444,0.068889;1714,0
wcpu_c24_a2b_rca_s1,14.4652,0.480541,0,1,92b02b016e,1,5.11;0.00;5.20;0.22;0.13;0.06,238;215;0,457,0.071043;1714,0
wgpu_t12_a2b_rca_s1,11.475,0.476897,0,1,caefdeae30,1,1.43;0.00;4.66;0.17;0.13;0.06,231;220;0,444,0.074022;1714,0
wgpu_c24_a2b_rca_s1,13.2672,0.485716,0,1,785816c631,1,2.46;0.00;4.17;0.12;0.18;0.05,229;230;0,457,0.069620;1714,0
wcpu_t12_a2b_rca_s2,11.6399,0.439717,0,1,375205872e,1,4.66;0.00;4.87;0.28;0.13;0.06,218;197;0,444,0.054985;1714,0
wcpu_c24_a2b_rca_s2,13.4081,0.458018,0,1,d7050be72d,1,4.75;0.00;4.59;0.29;0.16;0.06,228;205;0,457,0.063742;1714,0
wgpu_t12_a2b_rca_s2,11.536,0.451177,0,1,caefdeae30,1,1.46;0.00;4.48;0.09;0.15;0.06,217;210;0,444,0.069640;1714,0
wgpu_c24_a2b_rca_s2,13.0785,0.492382,0,1,f0d52ed83b,1,2.45;0.00;4.03;0.23;0.14;0.06,249;216;0,457,0.084515;1714,0
wcpu_t12_a2b_rca_s3,11.3184,0.472451,0,1,c5286c7b12,1,4.83;0.00;4.95;0.27;0.13;0.06,241;204;1,444,0.065145;1714,0
wcpu_c24_a2b_rca_s3,13.5456,0.458704,0,1,0eddd9bb34,1,4.45;0.00;4.52;0.21;0.14;0.06,228;205;0,457,0.076163;1714,0
wgpu_t12_a2b_rca_s3,11.37,0.473098,0,1,0bfc40d83f,1,1.45;0.00;4.71;0.08;0.17;0.06,224;221;1,444,0.072445;1714,0
wgpu_c24_a2b_rca_s3,13.4794,0.470989,0,1,7cf70787e8,1,2.23;0.00;4.33;0.17;0.19;0.06,236;211;0,457,0.075303;1714,0
wcpu_t12_a2bk0_rca_c0_u1,12.7706,0.659839,0,1,bcd09f311a,1,6.21;0.00;5.70;0.07;0.16;0.08,225;409;0,690,0.055458;1818,0
wgpu_t12_a2bk0_rca_c0_u1,12.1142,0.631137,1,1,cda5f3b0bf,1,2.30;0.00;5.14;0.06;0.19;0.08,226;381;0,690,0.106898;1818,0
wcpu_t12_rs_rca_c0_u1,6.47678,0.476741,0,1,10daeb3386,1,4.61;0.00;5.15;0.17;0.16;0.05,244;208;0,347,0.092365;1763,0
wgpu_t12_rs_rca_c0_u1,6.7547,0.488728,0,1,47d9fa8b96,1,1.41;0.00;5.19;0.25;0.19;0.06,253;210;0,347,0.099200;1763,0
wcpu_t12_rsk0_rca_c0_u1,7.3301,0.681603,0,1,e8b8e48f60,1,6.32;0.00;6.01;0.10;0.16;0.07,241;410;0,592,0.098753;1867,0
wgpu_t12_rsk0_rca_c0_u1,6.82307,0.660407,0,1,7aae455ca6,1,2.23;0.00;5.27;0.24;0.15;0.08,241;389;0,592,0.107912;1867,0
wcpu_t12_a2bk0_rca_c0_u2,12.1521,0.597112,0,1,6344d17729,1,6.24;0.00;5.84;0.06;0.15;0.07,217;357;0,690,0.061484;1818,0
wgpu_t12_a2bk0_rca_c0_u2,11.5296,0.629945,0,1,83e8ea047d,1,2.25;0.00;5.21;0.06;0.15;0.07,219;386;0,690,0.067739;1818,0
wcpu_t12_rs_rca_c0_u2,6.38888,0.498234,0,1,e15791243e,1,4.70;0.00;5.09;0.23;0.17;0.05,239;232;0,347,0.083003;1763,0
wgpu_t12_rs_rca_c0_u2,6.5585,0.491121,0,1,7224a3855d,1,1.39;0.00;5.03;0.26;0.15;0.06,254;212;0,347,0.094925;1763,0
wcpu_t12_rsk0_rca_c0_u2,7.71888,0.678552,0,1,9af4ae5740,1,6.25;0.00;6.49;0.16;0.14;0.07,255;397;0,592,0.121265;1867,0
wgpu_t12_rsk0_rca_c0_u2,7.33059,0.708891,0,1,47af6e04d9,1,2.22;0.00;5.95;0.08;0.16;0.07,269;414;0,592,0.174253;1867,0
wcpu_t12_a2bk0_rca_c0_u3,12.3779,0.647471,0,1,25a13dca9d,1,6.41;0.00;5.91;0.06;0.16;0.07,229;394;0,690,0.063031;1818,0
wgpu_t12_a2bk0_rca_c0_u3,11.4177,0.578355,0,1,806912d59b,1,2.33;0.00;5.12;0.08;0.15;0.08,203;351;0,690,0.077163;1818,0
wcpu_t12_rs_rca_c0_u3,6.46001,0.474506,0,1,ae142377fd,1,4.69;0.00;5.01;0.23;0.21;0.06,232;217;0,347,0.085503;1763,0
wgpu_t12_rs_rca_c0_u3,5.9122,0.472346,0,1,928f6a5206,1,1.48;0.00;4.35;0.36;0.16;0.06,229;218;0,347,0.089765;1763,0
wcpu_t12_rsk0_rca_c0_u3,7.43382,0.727805,1,1,6debc93e62,1,6.33;0.00;6.28;0.12;0.14;0.08,265;433;0,592,0.120805;1867,0
wgpu_t12_rsk0_rca_c0_u3,6.22948,0.673147,0,1,73967907a7,1,2.23;0.00;4.90;0.09;0.14;0.07,238;405;0,592,0.121014;1867,0
wcpu_a2b_rca_r1,15.4818,7.3244,1,1,b8c6a6f5cd,1,5.48;0.00;7.13;0.45;0.30;0.06,6275;1004;0,455,1.912226;1714,0
wcpu_a2b_rca_r2,14.0813,6.97507,0,1,9e5719a59d,1,5.53;0.00;6.18;0.41;0.15;0.06,6185;756;0,455,1.698402;1714,0
wgpu_a2b_rca_r1,15.1916,7.00809,1,1,cda5f3b0bf,1,2.55;0.00;6.13;0.29;0.17;0.06,6165;809;0,455,1.906386;1714,0
wgpu_a2b_rca_r2,14.0601,7.18653,1,1,cda5f3b0bf,1,3.08;0.00;5.61;0.12;0.15;0.05,6316;844;0,455,1.495205;1714,0
