pair,name,tag,wall,pre,online,acc,tot,hash,np,phases,live,mb_pre,waited,err,conv_line
fp,wan_a2b_rca,wan_a2b_rca_n4096_l20_r1,,31.292,32.2567,0,1,9139983a8d,1,17.92;0.00;6.56;1.12;3.39;0.22,32058;174;0,444,31.749214;1714,0,n4096,P0, PID0: --TRIPLE_STATS (Aggregated)-- CONV   MB SENT PRE: 234.934   MB RECEIVED PRE: 244.149   s PRE: 17.9192
fp,wan_a2b_rca,wan_a2b_rca_n8192_l20_r1,,32.8753,32.1457,0,1,bfadf35013,1,20.72;0.00;5.65;0.80;3.42;0.21,31969;153;0,527,31.656850;1714,0,n8192,P0, PID0: --TRIPLE_STATS (Aggregated)-- CONV   MB SENT PRE: 317.23   MB RECEIVED PRE: 311.504   s PRE: 20.7231
fp,wan_a2b_rca_rp,wan_a2b_rca_rp_l20_r1,,25.8786,32.1559,0,1,35a6f59ff4,1,10.99;0.00;6.41;1.09;3.47;0.21,31981;147;0,335,31.690447;1714,0,rp,P0, PID0: --TRIPLE_STATS (Aggregated)-- CONV   MB SENT PRE: 126.012   MB RECEIVED PRE: 158.84   s PRE: 10.9854
fp,wan_a2bk0_rca,wan_a2bk0_rca_n4096_l20_r1,,39.1654,32.4755,0,1,d5e25a526f,1,27.40;0.00;7.61;1.04;3.26;0.40,28956;3443;0,690,31.835474;1818,0,n4096,P0, PID0: --TRIPLE_STATS (Aggregated)-- CONV   MB SENT PRE: 479.083   MB RECEIVED PRE: 479.083   s PRE: 27.4048
fp,wan_a2bk0_rca,wan_a2bk0_rca_n8192_l20_r1,,43.1259,32.5508,0,1,b8ef2f5b3c,1,33.56;0.00;7.95;0.99;3.02;0.63,28901;3588;0,839,31.993043;1818,0,n8192,P0, PID0: --TRIPLE_STATS (Aggregated)-- CONV   MB SENT PRE: 628.734   MB RECEIVED PRE: 628.734   s PRE: 33.5647
fp,wan_a2bk0_rca_rp,wan_a2bk0_rca_rp_l20_r1,,30.9995,32.6937,0,1,a094d101bd,1,18.05;0.00;6.61;1.06;3.60;0.35,29173;3453;0,495,32.028635;1818,0,rp,P0, PID0: --TRIPLE_STATS (Aggregated)-- CONV   MB SENT PRE: 284.851   MB RECEIVED PRE: 284.851   s PRE: 18.0474
fp,wan_rs_rca,wan_rs_rca_n4096_l20_r1,,25.6732,33.4949,0,1,b204eaedae,1,16.58;0.00;6.75;0.60;2.74;0.20,33271;198;0,358,32.940212;1763,0,n4096,P0, PID0: --TRIPLE_STATS (Aggregated)-- CONV   MB SENT PRE: 234.934   MB RECEIVED PRE: 244.149   s PRE: 16.5789
fp,wan_rs_rca,wan_rs_rca_n8192_l20_r1,,28.5429,33.51,0,1,7e0bfb1bb9,1,19.27;0.00;5.47;0.58;2.75;0.20,33268;213;0,440,32.957616;1763,0,n8192,P0, PID0: --TRIPLE_STATS (Aggregated)-- CONV   MB SENT PRE: 317.23   MB RECEIVED PRE: 311.504   s PRE: 19.2668
fp,wan_rs_rca_rp,wan_rs_rca_rp_l20_r1,,21.6687,33.4788,0,1,4154c03b2e,1,12.04;0.00;6.12;1.01;2.63;0.19,33261;193;0,249,32.997656;1763,0,rp,P0, PID0: --TRIPLE_STATS (Aggregated)-- CONV   MB SENT PRE: 126.012   MB RECEIVED PRE: 158.84   s PRE: 12.0429
fp,wan_a2b_rca,wan_a2b_rca_n4096_l20_r2,,30.1581,32.2405,1,1,1f17f90a57,1,16.87;0.00;6.77;1.08;3.51;0.20,32023;188;1,444,31.726791;1714,0,n4096,P0, PID0: --TRIPLE_STATS (Aggregated)-- CONV   MB SENT PRE: 234.934   MB RECEIVED PRE: 244.149   s PRE: 16.8721
fp,wan_a2b_rca,wan_a2b_rca_n8192_l20_r2,,32.6701,32.2098,1,1,cda5f3b0bf,1,19.63;0.00;5.16;1.24;3.15;0.23,32027;157;0,527,31.678279;1714,0,n8192,P0, PID0: --TRIPLE_STATS (Aggregated)-- CONV   MB SENT PRE: 317.23   MB RECEIVED PRE: 311.504   s PRE: 19.6326
fp,wan_a2b_rca_rp,wan_a2b_rca_rp_l20_r2,,25.9316,32.16,0,1,66ac8989b5,1,12.03;0.00;5.61;0.80;3.24;0.18,31938;193;0,335,31.636542;1714,0,rp,P0, PID0: --TRIPLE_STATS (Aggregated)-- CONV   MB SENT PRE: 126.012   MB RECEIVED PRE: 158.84   s PRE: 12.0333
fp,wan_a2bk0_rca,wan_a2bk0_rca_n4096_l20_r2,,37.5729,32.4397,0,1,ec0fccbd06,1,27.00;0.00;7.41;0.87;3.05;0.39,28940;3441;0,690,31.852583;1818,0,n4096,P0, PID0: --TRIPLE_STATS (Aggregated)-- CONV   MB SENT PRE: 479.083   MB RECEIVED PRE: 479.083   s PRE: 27.0047
fp,wan_a2bk0_rca,wan_a2bk0_rca_n8192_l20_r2,,44.0656,32.8079,0,1,775fba3425,1,35.28;0.00;7.14;1.06;3.31;0.37,29474;3264;0,839,32.008917;1818,0,n8192,P0, PID0: --TRIPLE_STATS (Aggregated)-- CONV   MB SENT PRE: 628.734   MB RECEIVED PRE: 628.734   s PRE: 35.2772
fp,wan_a2bk0_rca_rp,wan_a2bk0_rca_rp_l20_r2,,31.5785,32.8716,1,1,34e38d5625,1,17.32;0.00;7.88;1.08;3.49;0.48,29207;3600;0,495,32.269955;1818,0,rp,P0, PID0: --TRIPLE_STATS (Aggregated)-- CONV   MB SENT PRE: 284.851   MB RECEIVED PRE: 284.851   s PRE: 17.3175
fp,wan_rs_rca,wan_rs_rca_n4096_l20_r2,,24.2099,33.5404,0,1,670679726c,1,14.99;0.00;6.76;0.60;2.75;0.18,33281;234;0,358,32.938878;1763,0,n4096,P0, PID0: --TRIPLE_STATS (Aggregated)-- CONV   MB SENT PRE: 234.934   MB RECEIVED PRE: 244.149   s PRE: 14.9949
fp,wan_rs_rca,wan_rs_rca_n8192_l20_r2,,29.6775,33.4061,0,1,6f71b77abe,1,20.27;0.00;5.84;0.93;2.45;0.20,33167;209;0,440,32.858116;1763,0,n8192,P0, PID0: --TRIPLE_STATS (Aggregated)-- CONV   MB SENT PRE: 317.23   MB RECEIVED PRE: 311.504   s PRE: 20.2731
fp,wan_rs_rca_rp,wan_rs_rca_rp_l20_r2,,20.5138,33.6591,0,1,eb69c6e9dc,1,11.02;0.00;6.26;1.04;2.35;0.22,33434;195;0,249,33.127641;1763,0,rp,P0, PID0: --TRIPLE_STATS (Aggregated)-- CONV   MB SENT PRE: 126.012   MB RECEIVED PRE: 158.84   s PRE: 11.0217
fp,wan_a2b_rca,wan_a2b_rca_n4096_l20_r3,,29.8561,32.1411,1,1,cda5f3b0bf,1,16.46;0.00;5.76;1.39;2.85;0.23,31964;149;0,444,31.643328;1714,0,n4096,P0, PID0: --TRIPLE_STATS (Aggregated)-- CONV   MB SENT PRE: 234.934   MB RECEIVED PRE: 244.149   s PRE: 16.4649
fp,wan_a2b_rca,wan_a2b_rca_n8192_l20_r3,,33.2245,32.1616,0,1,db77d9a7be,1,20.50;0.00;5.64;0.82;3.61;0.22,31973;164;0,527,31.669971;1714,0,n8192,P0, PID0: --TRIPLE_STATS (Aggregated)-- CONV   MB SENT PRE: 317.23   MB RECEIVED PRE: 311.504   s PRE: 20.5018
fp,wan_a2b_rca_rp,wan_a2b_rca_rp_l20_r3,,26.2288,32.1131,0,1,4910751789,1,11.52;0.00;6.29;1.16;3.18;0.19,31940;147;0,335,31.644832;1714,0,rp,P0, PID0: --TRIPLE_STATS (Aggregated)-- CONV   MB SENT PRE: 126.012   MB RECEIVED PRE: 158.84   s PRE: 11.522
fp,wan_a2bk0_rca,wan_a2bk0_rca_n4096_l20_r3,,37.3915,32.4211,0,1,6d921160d1,1,25.02;0.00;6.85;1.04;3.46;0.47,28816;3544;0,690,31.781031;1818,0,n4096,P0, PID0: --TRIPLE_STATS (Aggregated)-- CONV   MB SENT PRE: 479.083   MB RECEIVED PRE: 479.083   s PRE: 25.0168
fp,wan_a2bk0_rca,wan_a2bk0_rca_n8192_l20_r3,,43.3407,32.3855,0,1,fa75b6ee3c,1,33.81;0.00;7.48;1.00;3.29;0.38,28923;3392;0,839,31.714377;1818,0,n8192,P0, PID0: --TRIPLE_STATS (Aggregated)-- CONV   MB SENT PRE: 628.734   MB RECEIVED PRE: 628.734   s PRE: 33.8125
fp,wan_a2bk0_rca_rp,wan_a2bk0_rca_rp_l20_r3,,31.0078,32.5734,0,1,cf5a93a6ae,1,17.24;0.00;8.57;0.90;3.37;0.37,28995;3513;0,495,31.966241;1818,0,rp,P0, PID0: --TRIPLE_STATS (Aggregated)-- CONV   MB SENT PRE: 284.851   MB RECEIVED PRE: 284.851   s PRE: 17.2383
fp,wan_rs_rca,wan_rs_rca_n4096_l20_r3,,27.118,33.4907,0,1,807bfbaed4,1,17.85;0.00;5.51;0.81;2.58;0.20,33281;184;0,358,32.967480;1763,0,n4096,P0, PID0: --TRIPLE_STATS (Aggregated)-- CONV   MB SENT PRE: 234.934   MB RECEIVED PRE: 244.149   s PRE: 17.8534
fp,wan_rs_rca,wan_rs_rca_n8192_l20_r3,,28.4761,33.4478,0,1,c111a51cbf,1,19.05;0.00;5.72;0.60;2.75;0.21,33216;208;0,440,32.899283;1763,0,n8192,P0, PID0: --TRIPLE_STATS (Aggregated)-- CONV   MB SENT PRE: 317.23   MB RECEIVED PRE: 311.504   s PRE: 19.0523
fp,wan_rs_rca_rp,wan_rs_rca_rp_l20_r3,,20.4304,33.4853,0,1,370708db64,1,10.54;0.00;5.36;0.71;2.79;0.20,33282;182;0,249,32.973732;1763,0,rp,P0, PID0: --TRIPLE_STATS (Aggregated)-- CONV   MB SENT PRE: 126.012   MB RECEIVED PRE: 158.84   s PRE: 10.5447
