pair,name,tag,wall,pre,online,acc_ok,acc_n,hash,procs,pre_phases_CONV;BN;BOOL;COT;MUX;FC,live_ms_ACT;CONV;BN,mb_pre,mb_live,wait_s;rounds,errors
fp,bn_s_rca_plain_f0_t2,bn_s_rca_plain_f0_t2_r1,,1.99224,0.462036,6,10,0c27e2009a,1,0.69;0.19;0.49;0.04;0.06;0.12,165;102;56,229,0.114348;1752,0
fp,bn_s_ppa_rs_f0_t2,bn_s_ppa_rs_f0_t2_r1,,2.61073,0.518738,7,10,d27df84ce8,1,0.65;0.22;1.03;0.05;0.02;0.10,158;147;53,268,0.109374;829,0
fp,bn_s_ppa4_plain_f0_t2,bn_s_ppa4_plain_f0_t2_r1,,2.82311,0.412066,5,10,c897bbb061,1,0.69;0.21;0.96;0.01;0.02;0.11,101;124;51,321,0.064089;625,0
fp,bn_m_rca_plain_f0_t2,bn_m_rca_plain_f0_t2_r1,,13.768,0.778671,110,192,c5a7982410,24,8.68;0.93;2.97;0.02;0.05;0.14,174;137;24,8884,0.211444;1738,0
fp,bn_m_ppa4_plain_f0_t2,bn_m_ppa4_plain_f0_t2_r1,,21.3065,0.623289,117,192,235516be76,24,8.64;0.80;1.64;0.02;0.06;0.14,105;123;24,10238,0.085740;611,0
fp,bn_s_rca_plain_f0_r,bn_s_rca_plain_f0_r_r1,,1.94739,0.553696,6,10,0c27e2009a,1,0.61;0.27;0.49;0.05;0.07;0.10,160;219;34,229,0.137437;1752,0
fp,bn_s_ppa4_plain_f0_r,bn_s_ppa4_plain_f0_r_r1,,2.79487,0.578203,5,10,c897bbb061,1,0.67;0.23;0.93;0.01;0.02;0.10,154;230;34,321,0.087125;625,0
fp,bn_m_rca_plain_f0_r,bn_m_rca_plain_f0_r_r1,,13.6786,0.825908,110,192,c5a7982410,24,8.69;0.85;2.97;0.02;0.05;0.15,167;196;20,8884,0.226770;1738,0
fp,bn_m_ppa4_plain_f0_r,bn_m_ppa4_plain_f0_r_r1,,21.4939,0.783772,117,192,235516be76,24,8.66;0.81;1.66;0.02;0.06;0.15,105;178;22,10238,0.132972;611,0
