fp,te_c2h,te_c2h_a,,7.44054,1.29413,37,100,404e134355,1,4.81;0.00;2.31;0.20;0.20;0.82,439;680;0,1451,0.211102;1821,0
fp,te_c1h,te_c1h_a,,7.34627,1.33276,38,100,b4002c073b,1,5.40;0.00;2.43;0.17;0.23;0.63,442;721;0,2269,0.239581;2040,0
fp,te_c3h,te_c3h_a,,6.15652,1.08656,38,100,eb1fe4d733,1,0.00;0.00;2.00;0.19;0.21;0.00,400;559;0,500,0.185298;1820,0
fp,cif_c3m,cif_c3m_a,,5.88119,1.12156,41,100,4fdee23772,1,0.01;0.00;2.16;0.05;0.09;0.00,441;549;0,441,0.229518;2065,0
fp,im_a2b_rca_tl,im_a2b_rca_tl_s1,,3.1418,0.372817,1,1,cda5f3b0bf,1,1.69;0.00;1.21;0.04;0.06;0.04,241;113;0,444,0.139756;1714,0
fp,im_a2b_ppa_tl,im_a2b_ppa_tl_s1,,4.08938,0.404631,0,1,f36f4786a3,1,1.72;0.00;2.12;0.05;0.07;0.05,255;134;0,475,0.100803;878,0
fp,im_a2b_ppa4_tl,im_a2b_ppa4_tl_s1,,4.71441,0.483812,0,1,ca1ada4b62,1,1.56;0.00;1.30;0.04;0.06;0.04,353;108;0,556,0.078478;626,0
fp,im_a2bk0_rca_tl,im_a2bk0_rca_tl_s1,,3.34103,0.473588,0,1,c94867e405,1,1.86;0.00;1.28;0.03;0.06;0.05,253;204;1,690,0.188431;1818,0
fp,im_a2bk0_ppa_tl,im_a2bk0_ppa_tl_s1,,4.16475,0.4816,0,1,ad582cbfa6,1,1.85;0.00;2.26;0.02;0.07;0.07,249;214;1,720,0.112220;982,0
fp,im_a2bk0_ppa4_tl,im_a2bk0_ppa4_tl_s1,,4.5841,0.562144,0,1,85c0c34557,1,1.81;0.00;1.29;0.03;0.06;0.07,340;198;1,801,0.087683;730,0
fp,im_a2bpw_rca_tl,im_a2bpw_rca_tl_s1,,2.93998,0.483587,0,1,8ed08938f9,1,0.00;0.00;1.13;0.03;0.08;0.00,339;125;0,219,0.168143;1963,0
fp,im_a2bpw_ppa_tl,im_a2bpw_ppa_tl_s1,,3.86192,0.430167,1,1,cda5f3b0bf,1,0.01;0.00;2.02;0.04;0.07;0.00,264;147;0,250,0.090593;891,0
fp,im_a2bpw_ppa4_tl,im_a2bpw_ppa4_tl_s1,,5.29374,0.514756,0,1,34ccb2b957,1,0.00;0.00;1.17;0.03;0.06;0.00,373;122;0,368,0.053929;630,0
fp,im_a2b_rca_tl,im_a2b_rca_tl_s2,,3.1343,0.423367,1,1,cda5f3b0bf,1,1.58;0.00;1.27;0.04;0.07;0.03,281;120;1,444,0.158376;1714,0
fp,im_a2b_ppa_tl,im_a2b_ppa_tl_s2,,4.07575,0.392965,1,1,afaf949205,1,1.56;0.00;2.18;0.04;0.06;0.05,252;121;0,475,0.091416;878,0
fp,im_a2b_ppa4_tl,im_a2b_ppa4_tl_s2,,4.61939,0.487013,0,1,ca1ada4b62,1,1.68;0.00;1.28;0.05;0.06;0.04,346;123;0,556,0.077968;626,0
fp,im_a2bk0_rca_tl,im_a2bk0_rca_tl_s2,,3.14779,0.443617,0,1,30928bb30a,1,1.79;0.00;1.24;0.03;0.06;0.06,241;185;1,690,0.144334;1818,0
fp,im_a2bk0_ppa_tl,im_a2bk0_ppa_tl_s2,,4.12361,0.451285,0,1,be35a2b86e,1,1.87;0.00;2.22;0.04;0.08;0.07,219;216;0,720,0.103431;982,0
fp,im_a2bk0_ppa4_tl,im_a2bk0_ppa4_tl_s2,,4.61854,0.564559,1,1,6649703e11,1,1.72;0.00;1.38;0.04;0.07;0.05,344;202;0,801,0.086840;730,0
fp,im_a2bpw_rca_tl,im_a2bpw_rca_tl_s2,,2.92386,0.499863,1,1,926136d625,1,0.01;0.00;1.15;0.02;0.05;0.00,349;133;0,219,0.189818;1963,0
fp,im_a2bpw_ppa_tl,im_a2bpw_ppa_tl_s2,,3.94109,0.444263,1,1,cda5f3b0bf,1,0.00;0.00;2.04;0.04;0.07;0.00,281;144;0,250,0.072117;891,0
fp,im_a2bpw_ppa4_tl,im_a2bpw_ppa4_tl_s2,,5.19769,0.554808,0,1,49bf8f4977,1,0.00;0.00;1.21;0.03;0.05;0.00,349;184;0,368,0.062959;630,0
IMRUN_DONE
fp,cif_c1h,cif_c1h_w,,6.96109,1.258,63,100,c5edcf729a,1,5.33;0.00;2.39;0.05;0.11;0.66,401;679;0,2187,0.204406;2040,0
fp,tf_c1h,tf_c1h_w,,7.49912,1.31499,65,100,96a3507bed,1,5.55;0.00;2.38;0.18;0.20;0.63,379;766;0,2269,0.190062;2040,0
fp,cif_c2h,cif_c2h_w,,7.05258,1.34214,68,100,c51d236c36,1,4.71;0.00;2.35;0.06;0.07;0.81,468;690;0,1369,0.259721;1821,0
fp,tf_c2h,tf_c2h_w,,7.78488,1.3242,64,100,0f5264e626,1,5.03;0.00;2.41;0.25;0.18;0.81,443;712;0,1451,0.240922;1821,0
fp,tf_c2wh,tf_c2wh_w,,7.50803,1.2691,69,100,2364c5ee8e,1,4.83;0.00;2.35;0.29;0.17;0.85,408;688;0,1525,0.219032;1821,0
fp,cif_c3n,cif_c3n_w,,5.8353,1.07314,65,100,cc880a92f8,1,0.01;0.00;2.15;0.05;0.10;0.00,373;566;0,441,0.200609;2065,0
fp,tf_c3h,tf_c3h_w,,5.98454,1.13373,69,100,57be16df69,1,0.00;0.00;2.06;0.17;0.20;0.00,413;598;0,500,0.229740;1820,0
fp,im_a2b_rca_tf,im_a2b_rca_tf_u1,,3.4367,0.422188,0,1,eab81838e5,1,1.62;0.00;1.22;0.13;0.14;0.04,298;103;0,482,0.164671;1714,0
fp,im_a2b_ppa_tf,im_a2b_ppa_tf_u1,,4.38547,0.417715,1,1,51bef0cacd,1,1.69;0.00;2.21;0.08;0.12;0.05,276;120;0,512,0.104230;878,0
fp,im_a2b_ppa4_tf,im_a2b_ppa4_tf_u1,,4.76365,0.494128,1,1,cda5f3b0bf,1,1.53;0.00;1.32;0.07;0.11;0.04,345;123;0,593,0.060701;626,0
fp,im_a2bk0_rca_tf,im_a2bk0_rca_tf_u1,,3.55914,0.462023,1,1,cda5f3b0bf,1,1.84;0.00;1.29;0.10;0.14;0.07,267;175;0,727,0.145223;1818,0
fp,im_a2bk0_ppa_tf,im_a2bk0_ppa_tf_u1,,4.44188,0.450324,0,1,c06b49bbe8,1,1.80;0.00;2.26;0.11;0.11;0.07,236;193;1,758,0.083860;982,0
fp,im_a2bk0_ppa4_tf,im_a2bk0_ppa4_tf_u1,,4.97484,0.556552,0,1,fa651a675b,1,1.78;0.00;1.39;0.09;0.12;0.06,349;184;0,838,0.082797;730,0
fp,im_a2bpw_rca_tf,im_a2bpw_rca_tf_u1,,3.03511,0.450107,0,1,0bed9b3bc7,1,0.00;0.00;1.11;0.09;0.10;0.00,313;114;0,246,0.152614;1714,0
fp,im_a2bpw_ppa_tf,im_a2bpw_ppa_tf_u1,,4.03526,0.479936,0,1,4feda71ce2,1,0.01;0.00;2.01;0.08;0.11;0.00,319;139;0,277,0.102493;878,0
fp,im_a2bpw_ppa4_tf,im_a2bpw_ppa4_tf_u1,,4.55234,0.558047,0,1,ed4ce74a9c,1,0.00;0.00;1.21;0.10;0.11;0.00,387;145;0,358,0.055881;626,0
fp,im_a2bpw_rca_tn,im_a2bpw_rca_tn_u1,,2.93405,0.480917,0,1,1138334aee,1,0.00;0.00;1.10;0.03;0.06;0.00,322;134;0,219,0.170715;1959,0
fp,im_a2bpw_ppa_tn,im_a2bpw_ppa_tn_u1,,3.88576,0.440361,1,1,35e3d5aad5,1,0.00;0.00;2.10;0.02;0.07;0.00,291;125;0,250,0.080295;887,0
fp,im_a2bpw_ppa4_tn,im_a2bpw_ppa4_tn_u1,,5.21665,0.55092,0,1,46ee61fa8d,1,0.01;0.00;1.23;0.03;0.06;0.00,411;116;0,368,0.070019;626,0
IMRUN_DONE
