fp,im_a2b_rca_xl,im_a2b_rca_xl_v5,,3.2091,0.395339,0,1,2909da030b,1,1.61;0.00;1.25;0.04;0.06;0.04,253;125;0,444,0.151844;1714,0
fp,im_a2b_rca_xm,im_a2b_rca_xm_v5,,3.30661,0.441654,0,1,282d897f8f,1,1.60;0.00;1.27;0.08;0.11;0.04,299;120;1,471,0.167797;1714,0
fp,im_a2b_rca_xw,im_a2b_rca_xw_v5,,3.3698,0.413718,1,1,a774ac631d,1,1.56;0.00;1.28;0.11;0.10;0.03,290;102;0,516,0.182559;1714,0
fp,im_a2b_rca_x1,im_a2b_rca_x1_v5,,3.51103,0.419507,0,1,362204cd46,1,1.57;0.00;1.33;0.11;0.13;0.04,269;136;0,473,0.148782;1713,0
fp,im_a2b_ppa_xl,im_a2b_ppa_xl_v5,,4.2504,0.397024,0,1,f799037cdf,1,1.57;0.00;2.26;0.05;0.07;0.04,242;137;0,475,0.084502;878,0
fp,im_a2b_ppa_xm,im_a2b_ppa_xm_v5,,4.18216,0.400379,1,1,ca170979a2,1,1.63;0.00;2.14;0.10;0.12;0.03,268;111;0,502,0.080413;878,0
fp,im_a2b_ppa_xw,im_a2b_ppa_xw_v5,,4.44792,0.419835,0,1,681bd0a79b,1,1.65;0.00;2.16;0.13;0.12;0.04,273;124;0,547,0.102653;878,0
fp,im_a2b_ppa_x1,im_a2b_ppa_x1_v5,,4.28718,0.406967,0,1,e3bb553056,1,1.64;0.00;2.14;0.13;0.13;0.04,281;106;0,503,0.077981;877,0
fp,im_a2b_ppa4_xl,im_a2b_ppa4_xl_v5,,4.50378,0.490222,0,1,ca1ada4b62,1,1.64;0.00;1.24;0.04;0.06;0.05,345;124;0,556,0.056816;626,0
fp,im_a2b_ppa4_xm,im_a2b_ppa4_xm_v5,,4.72432,0.519583,1,1,bea3a505bc,1,1.56;0.00;1.25;0.08;0.13;0.05,357;140;0,582,0.063520;626,0
fp,im_a2b_ppa4_xw,im_a2b_ppa4_xw_v5,,5.42042,0.497731,0,1,8cbc3bbbf6,1,1.58;0.00;1.31;0.13;0.52;0.06,350;129;0,658,0.056555;626,0
fp,im_a2b_ppa4_x1,im_a2b_ppa4_x1_v5,,4.88354,0.52127,1,1,cda5f3b0bf,1,1.56;0.00;1.31;0.11;0.13;0.04,387;115;0,584,0.066813;625,0
fp,im_a2bk0_rca_xl,im_a2bk0_rca_xl_v5,,3.17069,0.45964,0,1,ae170bba7d,1,1.76;0.00;1.23;0.02;0.06;0.05,242;200;1,690,0.160980;1818,0
fp,im_a2bk0_rca_xm,im_a2bk0_rca_xm_v5,,3.34177,0.496574,0,1,67e13b1e4d,1,1.79;0.00;1.27;0.08;0.12;0.06,291;184;0,716,0.153304;1818,0
fp,im_a2bk0_rca_xw,im_a2bk0_rca_xw_v5,,3.52505,0.484375,0,1,4fa848852a,1,1.80;0.00;1.26;0.11;0.10;0.06,293;175;0,762,0.166403;1818,0
fp,im_a2bk0_rca_x1,im_a2bk0_rca_x1_v5,,3.49347,0.530322,0,1,de57de1ec3,1,1.78;0.00;1.26;0.11;0.11;0.05,310;181;6,718,0.174809;1817,0
fp,im_a2bk0_ppa_xl,im_a2bk0_ppa_xl_v5,,4.22149,0.495126,0,1,789d92703a,1,1.88;0.00;2.34;0.04;0.05;0.07,280;197;0,720,0.118443;982,0
fp,im_a2bk0_ppa_xm,im_a2bk0_ppa_xm_v5,,4.43475,0.50949,0,1,5eba1329f3,1,1.80;0.00;2.33;0.09;0.11;0.08,277;211;0,747,0.114335;982,0
fp,im_a2bk0_ppa_xw,im_a2bk0_ppa_xw_v5,,4.44185,0.492276,0,1,e39707e4c5,1,1.82;0.00;2.22;0.11;0.12;0.05,270;205;0,792,0.100482;982,0
fp,im_a2bk0_ppa_x1,im_a2bk0_ppa_x1_v5,,4.30127,0.465549,0,1,f239541b94,1,1.82;0.00;2.21;0.10;0.15;0.06,288;160;1,749,0.106508;981,0
fp,im_a2bk0_ppa4_xl,im_a2bk0_ppa4_xl_v5,,4.63385,0.557439,1,1,cda5f3b0bf,1,1.70;0.00;1.27;0.02;0.06;0.06,324;209;0,801,0.072693;730,0
fp,im_a2bk0_ppa4_xm,im_a2bk0_ppa4_xm_v5,,4.92358,0.607219,0,1,b3d9758eb7,1,1.78;0.00;1.36;0.08;0.12;0.05,410;173;0,828,0.085418;730,0
fp,im_a2bk0_ppa4_xw,im_a2bk0_ppa4_xw_v5,,5.40464,0.592128,0,1,03f7f72989,1,1.70;0.00;1.34;0.11;0.53;0.07,373;200;0,903,0.089397;730,0
fp,im_a2bk0_ppa4_x1,im_a2bk0_ppa4_x1_v5,,4.84355,0.57127,0,1,af806a9334,1,1.80;0.00;1.32;0.10;0.13;0.07,356;193;0,829,0.079798;729,0
fp,im_a2bpw_rca_xl,im_a2bpw_rca_xl_v5,,3.00142,0.468281,0,1,4d5caec5ad,1,0.00;0.00;1.11;0.03;0.06;0.00,296;152;0,209,0.136911;1714,0
fp,im_a2bpw_rca_xm,im_a2bpw_rca_xm_v5,,3.16614,0.475732,0,1,4c5a5dd6de,1,0.00;0.00;1.10;0.07;0.11;0.00,330;121;0,235,0.191155;1714,0
fp,im_a2bpw_rca_xw,im_a2bpw_rca_xw_v5,,3.05109,0.444534,0,1,1b9553d7b6,1,0.00;0.00;1.09;0.12;0.11;0.00,272;148;0,281,0.140537;1714,0
fp,im_a2bpw_rca_x1,im_a2bpw_rca_x1_v5,,3.27243,0.472284,0,1,3b3b180d18,1,0.00;0.00;1.15;0.09;0.15;0.00,318;130;0,237,0.159901;1713,0
fp,im_a2bpw_ppa_xl,im_a2bpw_ppa_xl_v5,,3.8335,0.450409,0,1,a9bd5a2e68,1,0.00;0.00;1.96;0.04;0.06;0.00,304;122;0,239,0.095199;878,0
fp,im_a2bpw_ppa_xm,im_a2bpw_ppa_xm_v5,,3.90664,0.450742,1,1,cda5f3b0bf,1,0.01;0.00;1.93;0.09;0.11;0.00,313;115;0,266,0.072234;878,0
fp,im_a2bpw_ppa_xw,im_a2bpw_ppa_xw_v5,,3.88031,0.469892,0,1,3737802821,1,0.01;0.00;1.89;0.13;0.11;0.00,308;139;0,311,0.093681;878,0
fp,im_a2bpw_ppa_x1,im_a2bpw_ppa_x1_v5,,4.19934,0.459983,0,1,651effcd37,1,0.00;0.00;1.99;0.10;0.14;0.00,313;128;0,268,0.082028;877,0
fp,im_a2bpw_ppa4_xl,im_a2bpw_ppa4_xl_v5,,4.52549,0.565519,0,1,866a7b08f0,1,0.00;0.00;1.20;0.03;0.06;0.00,418;123;0,320,0.066369;626,0
fp,im_a2bpw_ppa4_xm,im_a2bpw_ppa4_xm_v5,,4.69668,0.582704,0,1,4264d6a2b2,1,0.01;0.00;1.12;0.10;0.13;0.00,429;130;0,347,0.088293;626,0
fp,im_a2bpw_ppa4_xw,im_a2bpw_ppa4_xw_v5,,5.10504,0.567285,0,1,4173dfb3d1,1,0.01;0.00;1.18;0.14;0.50;0.00,422;122;0,422,0.089832;626,0
fp,im_a2bpw_ppa4_x1,im_a2bpw_ppa4_x1_v5,,4.71105,0.563618,0,1,79f59f6c19,1,0.00;0.00;1.12;0.10;0.13;0.00,403;137;0,348,0.063284;625,0
fp,im_a2bpw_rca_xl0,im_a2bpw_rca_xl0_v5,,3.10588,0.514333,0,1,869fbda6b8,1,0.00;0.00;1.25;0.03;0.05;0.00,363;127;0,219,0.224945;1959,0
fp,im_a2bpw_ppa_xl0,im_a2bpw_ppa_xl0_v5,,3.98329,0.42921,1,1,cda5f3b0bf,1,0.00;0.00;2.14;0.02;0.08;0.00,272;136;0,250,0.081417;887,0
fp,im_a2bpw_ppa4_xl0,im_a2bpw_ppa4_xl0_v5,,5.29192,0.550017,0,1,a68683b436,1,0.00;0.00;1.19;0.03;0.06;0.00,410;117;0,368,0.068122;626,0
fp,im_a2b_rca_xl,im_a2b_rca_xl_v6,,3.10241,0.363961,0,1,5be43b4f54,1,1.59;0.00;1.25;0.05;0.06;0.05,236;111;0,444,0.128120;1714,0
fp,im_a2b_rca_xm,im_a2b_rca_xm_v6,,3.30069,0.424035,1,1,cda5f3b0bf,1,1.55;0.00;1.28;0.09;0.11;0.04,289;110;1,471,0.145865;1714,0
fp,im_a2b_rca_xw,im_a2b_rca_xw_v6,,3.44084,0.474203,1,1,840b5a12e2,1,1.57;0.00;1.25;0.13;0.12;0.03,343;110;0,516,0.184105;1714,0
fp,im_a2b_rca_x1,im_a2b_rca_x1_v6,,3.3591,0.437224,0,1,a0e5fef08d,1,1.60;0.00;1.26;0.12;0.12;0.04,290;125;0,473,0.169216;1713,0
fp,im_a2b_ppa_xl,im_a2b_ppa_xl_v6,,4.20793,0.419199,0,1,5cf5218b72,1,1.71;0.00;2.23;0.03;0.06;0.04,267;134;0,475,0.104813;878,0
fp,im_a2b_ppa_xm,im_a2b_ppa_xm_v6,,4.33613,0.408179,0,1,049a466dd7,1,1.61;0.00;2.17;0.13;0.11;0.04,277;110;0,502,0.082431;878,0
fp,im_a2b_ppa_xw,im_a2b_ppa_xw_v6,,4.38845,0.420008,1,1,8a5f3d7fe7,1,1.64;0.00;2.13;0.15;0.09;0.03,274;127;0,547,0.102758;878,0
fp,im_a2b_ppa_x1,im_a2b_ppa_x1_v6,,4.33499,0.425308,0,1,e9f5021927,1,1.61;0.00;2.14;0.11;0.14;0.05,284;121;0,503,0.101557;877,0
fp,im_a2b_ppa4_xl,im_a2b_ppa4_xl_v6,,4.59683,0.504455,0,1,c0a8a90ead,1,1.59;0.00;1.26;0.03;0.06;0.04,350;137;0,556,0.075988;626,0
fp,im_a2b_ppa4_xm,im_a2b_ppa4_xm_v6,,4.80039,0.523398,0,1,6301e89a0a,1,1.59;0.00;1.26;0.09;0.11;0.03,369;129;0,582,0.076072;626,0
fp,im_a2b_ppa4_xw,im_a2b_ppa4_xw_v6,,5.41995,0.511397,0,1,1d037502f3,1,1.57;0.00;1.29;0.14;0.55;0.05,364;127;0,658,0.063842;626,0
fp,im_a2b_ppa4_x1,im_a2b_ppa4_x1_v6,,4.90995,0.493196,1,1,cda5f3b0bf,1,1.55;0.00;1.32;0.10;0.11;0.04,371;104;0,584,0.063975;625,0
fp,im_a2bk0_rca_xl,im_a2bk0_rca_xl_v6,,3.12488,0.494704,1,1,3eb0411c1d,1,1.79;0.00;1.24;0.03;0.07;0.06,250;223;1,690,0.172516;1818,0
fp,im_a2bk0_rca_xm,im_a2bk0_rca_xm_v6,,3.42762,0.494326,1,1,0363464ec2,1,1.83;0.00;1.31;0.09;0.13;0.05,256;216;0,716,0.157960;1818,0
fp,im_a2bk0_rca_xw,im_a2bk0_rca_xw_v6,,3.62419,0.532144,0,1,0ddd375efd,1,1.71;0.00;1.27;0.12;0.13;0.08,310;196;0,762,0.178940;1818,0
fp,im_a2bk0_rca_x1,im_a2bk0_rca_x1_v6,,3.51006,0.458506,0,1,0b4e5c43cc,1,1.84;0.00;1.23;0.11;0.14;0.07,250;188;0,718,0.139589;1817,0
fp,im_a2bk0_ppa_xl,im_a2bk0_ppa_xl_v6,,4.20961,0.48352,0,1,0f23dcd08e,1,1.81;0.00;2.21;0.02;0.08;0.08,257;207;1,720,0.110875;982,0
fp,im_a2bk0_ppa_xm,im_a2bk0_ppa_xm_v6,,4.29548,0.490893,0,1,8a0e78ac42,1,1.79;0.00;2.21;0.09;0.11;0.07,279;190;1,747,0.111749;982,0
fp,im_a2bk0_ppa_xw,im_a2bk0_ppa_xw_v6,,4.39876,0.486386,0,1,77e0b8b887,1,1.86;0.00;2.19;0.10;0.11;0.05,280;187;0,792,0.120963;982,0
fp,im_a2bk0_ppa_x1,im_a2bk0_ppa_x1_v6,,4.40406,0.473614,0,1,57ef8252b4,1,1.86;0.00;2.21;0.10;0.15;0.06,261;193;0,749,0.104223;981,0
fp,im_a2bk0_ppa4_xl,im_a2bk0_ppa4_xl_v6,,4.62443,0.545296,0,1,71e8b72785,1,1.73;0.00;1.32;0.03;0.07;0.06,336;192;0,801,0.080122;730,0
fp,im_a2bk0_ppa4_xm,im_a2bk0_ppa4_xm_v6,,4.84041,0.596997,1,1,cda5f3b0bf,1,1.73;0.00;1.30;0.10;0.14;0.07,383;190;0,828,0.091456;730,0
fp,im_a2bk0_ppa4_xw,im_a2bk0_ppa4_xw_v6,,5.35233,0.592558,0,1,69d50e07b5,1,1.89;0.00;1.26;0.11;0.54;0.08,370;201;0,903,0.096539;730,0
fp,im_a2bk0_ppa4_x1,im_a2bk0_ppa4_x1_v6,,4.95735,0.554667,0,1,6374ee7172,1,1.72;0.00;1.30;0.10;0.13;0.06,360;174;0,829,0.061285;729,0
fp,im_a2bpw_rca_xl,im_a2bpw_rca_xl_v6,,2.88313,0.486348,0,1,f21f1ff2ff,1,0.00;0.00;1.11;0.04;0.06;0.00,321;142;0,209,0.161051;1714,0
fp,im_a2bpw_rca_xm,im_a2bpw_rca_xm_v6,,3.24337,0.488441,0,1,cee9be7d48,1,0.02;0.00;1.16;0.08;0.12;0.00,330;131;0,235,0.169084;1714,0
fp,im_a2bpw_rca_xw,im_a2bpw_rca_xw_v6,,3.28752,0.478562,0,1,213eb369fe,1,0.00;0.00;1.12;0.15;0.11;0.00,303;149;0,281,0.150611;1714,0
fp,im_a2bpw_rca_x1,im_a2bpw_rca_x1_v6,,3.1752,0.448208,0,1,eefd247e09,1,0.00;0.00;1.09;0.11;0.13;0.00,287;139;0,237,0.149953;1713,0
fp,im_a2bpw_ppa_xl,im_a2bpw_ppa_xl_v6,,3.87465,0.465697,0,1,78af0eba19,1,0.01;0.00;1.98;0.03;0.06;0.00,317;110;0,239,0.070798;878,0
fp,im_a2bpw_ppa_xm,im_a2bpw_ppa_xm_v6,,4.09629,0.464894,0,1,88849d354d,1,0.01;0.00;2.00;0.10;0.12;0.00,300;144;0,266,0.093990;878,0
fp,im_a2bpw_ppa_xw,im_a2bpw_ppa_xw_v6,,4.0865,0.4444,0,1,fe5a2b1a34,1,0.00;0.00;2.00;0.12;0.11;0.00,292;135;0,311,0.071047;878,0
fp,im_a2bpw_ppa_x1,im_a2bpw_ppa_x1_v6,,4.0463,0.458985,0,1,e675042694,1,0.00;0.00;1.97;0.12;0.13;0.00,334;109;0,268,0.082882;877,0
fp,im_a2bpw_ppa4_xl,im_a2bpw_ppa4_xl_v6,,4.46943,0.573574,0,1,2b00e68418,1,0.01;0.00;1.16;0.03;0.07;0.00,413;132;0,320,0.087143;626,0
fp,im_a2bpw_ppa4_xm,im_a2bpw_ppa4_xm_v6,,4.62749,0.57682,0,1,5a8bbbc192,1,0.00;0.00;1.19;0.09;0.12;0.00,423;129;0,347,0.068816;626,0
fp,im_a2bpw_ppa4_xw,im_a2bpw_ppa4_xw_v6,,5.15655,0.570508,0,1,9804738697,1,0.01;0.00;1.16;0.10;0.53;0.00,420;127;0,422,0.074079;626,0
fp,im_a2bpw_ppa4_x1,im_a2bpw_ppa4_x1_v6,,4.6831,0.574782,0,1,5bba1aba12,1,0.00;0.00;1.13;0.12;0.13;0.00,431;121;0,348,0.064059;625,0
fp,im_a2bpw_rca_xl0,im_a2bpw_rca_xl0_v6,,2.99104,0.470915,0,1,e78ef202c2,1,0.01;0.00;1.15;0.03;0.08;0.00,340;109;0,219,0.168727;1959,0
fp,im_a2bpw_ppa_xl0,im_a2bpw_ppa_xl0_v6,,3.8713,0.413959,0,1,023f27d592,1,0.00;0.00;2.11;0.02;0.06;0.00,269;122;0,250,0.083908;887,0
fp,im_a2bpw_ppa4_xl0,im_a2bpw_ppa4_xl0_v6,,5.30207,0.534365,0,1,93ca49ca2a,1,0.00;0.00;1.19;0.03;0.07;0.00,371;140;0,368,0.067274;626,0
fp,im_a2b_rca_xl,im_a2b_rca_xl_v7,,3.07532,0.36737,0,1,85231f045d,1,1.64;0.00;1.26;0.06;0.06;0.04,239;111;0,444,0.136365;1714,0
fp,im_a2b_rca_xm,im_a2b_rca_xm_v7,,3.39999,0.431841,0,1,ca31f9f27e,1,1.66;0.00;1.33;0.09;0.12;0.03,286;124;0,471,0.143682;1714,0
fp,im_a2b_rca_xw,im_a2b_rca_xw_v7,,3.477,0.427754,0,1,dbefbe8e25,1,1.60;0.00;1.25;0.14;0.12;0.04,294;114;0,516,0.173909;1714,0
fp,im_a2b_rca_x1,im_a2b_rca_x1_v7,,3.49378,0.419066,0,1,b371bd1eba,1,1.57;0.00;1.31;0.11;0.12;0.04,286;118;0,473,0.162910;1713,0
fp,im_a2b_ppa_xl,im_a2b_ppa_xl_v7,,4.0096,0.414759,0,1,0feea9e24f,1,1.63;0.00;2.14;0.04;0.06;0.04,285;113;0,475,0.102878;878,0
fp,im_a2b_ppa_xm,im_a2b_ppa_xm_v7,,4.35086,0.426766,1,1,bd94d676d7,1,1.56;0.00;2.26;0.09;0.11;0.04,268;137;0,502,0.085755;878,0
fp,im_a2b_ppa_xw,im_a2b_ppa_xw_v7,,4.45559,0.431327,1,1,79688a88b9,1,1.69;0.00;2.18;0.13;0.11;0.04,291;118;0,547,0.088354;878,0
fp,im_a2b_ppa_x1,im_a2b_ppa_x1_v7,,4.24968,0.425983,0,1,fc262a6eff,1,1.64;0.00;2.09;0.11;0.12;0.05,305;104;0,503,0.103020;877,0
fp,im_a2b_ppa4_xl,im_a2b_ppa4_xl_v7,,4.56661,0.491681,0,1,2438a6262b,1,1.61;0.00;1.25;0.04;0.07;0.04,340;133;0,556,0.064381;626,0
fp,im_a2b_ppa4_xm,im_a2b_ppa4_xm_v7,,4.77028,0.509188,1,1,fba2b744d2,1,1.65;0.00;1.27;0.09;0.10;0.04,376;111;0,582,0.060003;626,0
fp,im_a2b_ppa4_xw,im_a2b_ppa4_xw_v7,,5.23233,0.490983,0,1,b52829b510,1,1.72;0.00;1.25;0.12;0.53;0.04,360;110;0,658,0.062106;626,0
fp,im_a2b_ppa4_x1,im_a2b_ppa4_x1_v7,,4.92471,0.522111,0,1,abfac1e8d1,1,1.59;0.00;1.26;0.11;0.11;0.04,384;105;0,584,0.062200;625,0
fp,im_a2bk0_rca_xl,im_a2bk0_rca_xl_v7,,3.26883,0.458113,0,1,16d89d803b,1,1.89;0.00;1.27;0.02;0.07;0.08,253;185;0,690,0.146470;1818,0
fp,im_a2bk0_rca_xm,im_a2bk0_rca_xm_v7,,3.37618,0.511286,0,1,31a0ecc34a,1,1.80;0.00;1.24;0.10;0.14;0.09,262;226;0,716,0.149879;1818,0
fp,im_a2bk0_rca_xw,im_a2bk0_rca_xw_v7,,3.50027,0.490628,0,1,32a67ac694,1,1.76;0.00;1.24;0.12;0.10;0.07,276;195;0,762,0.152295;1818,0
fp,im_a2bk0_rca_x1,im_a2bk0_rca_x1_v7,,3.49357,0.462744,0,1,3b5e301eed,1,1.80;0.00;1.29;0.13;0.14;0.06,272;174;0,718,0.125979;1817,0
fp,im_a2bk0_ppa_xl,im_a2bk0_ppa_xl_v7,,4.15489,0.472829,0,1,e308016535,1,1.77;0.00;2.21;0.06;0.08;0.05,233;218;1,720,0.122504;982,0
fp,im_a2bk0_ppa_xm,im_a2bk0_ppa_xm_v7,,4.27839,0.486256,0,1,1e6342b8fd,1,1.88;0.00;2.20;0.08;0.11;0.06,283;172;8,747,0.107936;982,0
fp,im_a2bk0_ppa_xw,im_a2bk0_ppa_xw_v7,,4.4322,0.475061,0,1,cbd314385d,1,1.79;0.00;2.22;0.10;0.10;0.07,259;195;0,792,0.101713;982,0
fp,im_a2bk0_ppa_x1,im_a2bk0_ppa_x1_v7,,4.50815,0.471394,0,1,fc4fdd561a,1,1.81;0.00;2.29;0.11;0.16;0.06,282;169;1,749,0.080985;981,0
fp,im_a2bk0_ppa4_xl,im_a2bk0_ppa4_xl_v7,,4.70635,0.56772,1,1,cda5f3b0bf,1,1.80;0.00;1.28;0.04;0.07;0.06,347;204;0,801,0.081878;730,0
fp,im_a2bk0_ppa4_xm,im_a2bk0_ppa4_xm_v7,,4.87081,0.603751,0,1,d99bd0045b,1,1.73;0.00;1.33;0.07;0.13;0.06,361;219;0,828,0.090482;730,0
fp,im_a2bk0_ppa4_xw,im_a2bk0_ppa4_xw_v7,,5.43231,0.588459,0,1,f5f4ad3061,1,1.76;0.00;1.37;0.11;0.55;0.07,387;178;0,903,0.077671;730,0
fp,im_a2bk0_ppa4_x1,im_a2bk0_ppa4_x1_v7,,4.83334,0.576396,0,1,3d87836492,1,1.87;0.00;1.24;0.11;0.15;0.05,367;192;0,829,0.078113;729,0
fp,im_a2bpw_rca_xl,im_a2bpw_rca_xl_v7,,2.95767,0.503219,0,1,38f9c30367,1,0.02;0.00;1.12;0.02;0.06;0.00,355;128;0,209,0.167588;1714,0
fp,im_a2bpw_rca_xm,im_a2bpw_rca_xm_v7,,3.14493,0.487231,0,1,78dd9ce3ec,1,0.00;0.00;1.09;0.10;0.10;0.00,301;153;0,235,0.155964;1714,0
fp,im_a2bpw_rca_xw,im_a2bpw_rca_xw_v7,,3.22212,0.452496,0,1,1f1a7b72a3,1,0.00;0.00;1.17;0.13;0.11;0.00,309;122;0,281,0.153552;1714,0
fp,im_a2bpw_rca_x1,im_a2bpw_rca_x1_v7,,3.22912,0.444926,0,1,b998d1f68d,1,0.01;0.00;1.14;0.12;0.14;0.00,301;120;0,237,0.152727;1713,0
fp,im_a2bpw_ppa_xl,im_a2bpw_ppa_xl_v7,,3.83617,0.456779,0,1,0e983b2c1e,1,0.01;0.00;2.01;0.03;0.05;0.00,288;143;0,239,0.086752;878,0
fp,im_a2bpw_ppa_xm,im_a2bpw_ppa_xm_v7,,4.04364,0.459761,0,1,0a4f1dcf2c,1,0.00;0.00;2.00;0.09;0.14;0.00,316;123;0,266,0.093681;878,0
fp,im_a2bpw_ppa_xw,im_a2bpw_ppa_xw_v7,,3.96166,0.440955,0,1,776945cfaa,1,0.00;0.00;1.88;0.11;0.11;0.00,289;134;0,311,0.081726;878,0
fp,im_a2bpw_ppa_x1,im_a2bpw_ppa_x1_v7,,4.13529,0.444175,0,1,de2d3379fc,1,0.00;0.00;1.91;0.09;0.14;0.00,283;143;0,268,0.080757;877,0
fp,im_a2bpw_ppa4_xl,im_a2bpw_ppa4_xl_v7,,4.59868,0.540769,0,1,608df3e161,1,0.01;0.00;1.20;0.03;0.06;0.00,402;118;0,320,0.056703;626,0
fp,im_a2bpw_ppa4_xm,im_a2bpw_ppa4_xm_v7,,4.63521,0.586451,0,1,a7986141b6,1,0.00;0.00;1.14;0.12;0.10;0.00,418;142;0,347,0.082440;626,0
fp,im_a2bpw_ppa4_xw,im_a2bpw_ppa4_xw_v7,,5.17586,0.568743,0,1,3b0506d22b,1,0.00;0.00;1.17;0.11;0.53;0.00,421;123;0,422,0.064606;626,0
fp,im_a2bpw_ppa4_x1,im_a2bpw_ppa4_x1_v7,,4.83642,0.574767,0,1,5fb0e7f74e,1,0.01;0.00;1.22;0.09;0.14;0.00,406;145;0,348,0.069571;625,0
fp,im_a2bpw_rca_xl0,im_a2bpw_rca_xl0_v7,,3.18059,0.498117,0,1,d9b3d8a6b8,1,0.01;0.00;1.23;0.02;0.07;0.00,354;119;0,219,0.188890;1959,0
fp,im_a2bpw_ppa_xl0,im_a2bpw_ppa_xl0_v7,,3.79808,0.440099,0,1,8ef3c3b609,1,0.00;0.00;2.00;0.02;0.07;0.00,280;136;0,250,0.088609;887,0
fp,im_a2bpw_ppa4_xl0,im_a2bpw_ppa4_xl0_v7,,5.28615,0.549573,0,1,5767d5336a,1,0.01;0.00;1.19;0.03;0.06;0.00,380;143;0,368,0.062388;626,0
IMRUN_DONE
