fp,a_c1_tl,a_c1_tl_acc2,,15.5935,2.73507,164,256,b14692d4d7,1,12.63;0.00;4.85;0.11;0.18;1.62,698;1782;0,5367,0.287852;2764,0
fp,a_c1_mx,a_c1_mx_acc2,,15.9117,2.81791,164,256,fd2e8d91ea,1,12.73;0.00;4.80;0.34;0.34;1.53,778;1767;0,5517,0.273748;2764,0
fp,a_c1_mxw,a_c1_mxw_acc2,,17.6142,2.87656,158,256,8e01cda838,1,13.49;0.00;4.91;0.89;0.68;1.53,791;1804;0,5799,0.285139;2764,0
fp,a_c1_t1,a_c1_t1_acc2,,16.4287,2.90267,161,256,6639fc5155,1,13.03;0.00;4.81;0.38;0.38;1.55,799;1770;0,5541,0.286186;2764,0
fp,a_c1_t1w,a_c1_t1w_acc2,,17.6538,2.86857,165,256,3ee570e6da,1,13.29;0.00;4.87;0.89;0.71;1.56,827;1774;0,5807,0.310731;2764,0
fp,a_c2_tl,a_c2_tl_acc2,,16.6399,2.74457,159,256,082951f03f,1,11.42;0.00;4.75;0.15;0.15;2.12,827;1663;0,3345,0.416578;2212,0
fp,a_c2_mx,a_c2_mx_acc2,,16.3508,2.8242,164,256,601d03d420,1,11.66;0.00;4.56;0.38;0.32;2.10,887;1645;0,3494,0.321378;2212,0
fp,a_c2_mxw,a_c2_mxw_acc2,,18.2092,2.75474,157,256,774d7af35a,1,11.96;0.00;4.76;0.97;0.74;2.12,829;1643;0,3776,0.274027;2212,0
fp,a_c2_t1,a_c2_t1_acc2,,16.7567,2.82221,161,256,6639fc5155,1,11.71;0.00;4.81;0.44;0.40;2.07,840;1704;0,3518,0.344366;2212,0
fp,a_c2_t1w,a_c2_t1w_acc2,,17.9832,2.86908,165,256,3ee570e6da,1,11.76;0.00;4.67;0.87;0.73;2.08,841;1747;0,3784,0.346074;2212,0
fp,a_c3_tl,a_c3_tl_acc2,,12.5413,2.54622,162,256,a2d48b5542,1,0.00;0.00;4.03;0.10;0.20;0.00,869;1454;0,997,0.310790;2211,0
fp,a_c3_mx,a_c3_mx_acc2,,13.6423,2.47074,157,256,1dc43f604e,1,0.00;0.00;4.14;0.34;0.39;0.00,779;1467;0,1147,0.330179;2211,0
fp,a_c3_mxw,a_c3_mxw_acc2,,14.2665,2.43823,159,256,e1887b7de8,1,0.02;0.00;4.02;0.94;0.76;0.00,798;1413;0,1429,0.300603;2211,0
fp,a_c3_t1,a_c3_t1_acc2,,13.6012,2.46977,156,256,932f9941c6,1,0.01;0.00;3.89;0.41;0.39;0.00,730;1498;0,1171,0.314452;2211,0
fp,a_c3_t1w,a_c3_t1w_acc2,,14.2951,2.41737,165,256,3c6598c697,1,0.00;0.00;3.95;0.87;0.71;0.00,757;1445;0,1437,0.314351;2211,0
fp,a_c3_tl0,a_c3_tl0_acc2,,13.0973,2.43586,166,256,eba7df0db0,1,0.00;0.00;4.83;0.10;0.20;0.00,764;1448;0,1088,0.368974;2476,0
fp,a_c2f8_tl,a_c2f8_tl_acc2,,15.2326,2.68689,169,256,2363608bac,1,10.85;0.00;4.59;0.10;0.17;2.08,710;1715;0,3278,0.330703;2053,0
fp,a_c2f8_mx,a_c2f8_mx_acc2,,15.4446,2.81708,186,256,e1791ecfb6,1,10.93;0.00;4.55;0.37;0.34;2.06,810;1725;0,3476,0.301184;2053,0
fp,a_c2f8_t1,a_c2f8_t1_acc2,,15.6849,2.74687,187,256,33fb8f3efa,1,10.96;0.00;4.58;0.43;0.34;2.09,806;1653;0,3504,0.271580;2053,0
fp,a_c2f8_t1w,a_c2f8_t1w_acc2,,17.2567,2.83364,186,256,38895040f2,1,11.84;0.00;4.58;0.50;0.79;2.05,785;1763;0,3836,0.299466;2053,0
fp,a_c2f10_tl,a_c2f10_tl_acc2,,14.1413,2.70486,44,256,c2d54dddd9,1,10.44;0.00;4.34;0.11;0.16;2.04,718;1719;0,3224,0.275221;1947,0
fp,a_c2f10_mx,a_c2f10_mx_acc2,,14.8768,2.78001,188,256,5852a14295,1,10.51;0.00;4.55;0.37;0.74;2.03,785;1702;0,3500,0.269592;1947,0
fp,a_c2f10_t1,a_c2f10_t1_acc2,,15.2149,2.7731,189,256,8ce5ff116d,1,10.58;0.00;4.52;0.39;0.77;2.05,747;1733;0,3528,0.236644;1947,0
fp,a_c2f10_t1w,a_c2f10_t1w_acc2,,17.3556,2.72428,188,256,85bf34ff8d,1,11.67;0.00;4.71;0.62;0.39;2.06,764;1683;0,3853,0.289473;1947,0
fp,a_c1f8_tl,a_c1f8_tl_acc2,,15.0345,2.66724,167,256,12d60ec1f4,1,12.23;0.00;4.81;0.11;0.16;1.51,702;1709;0,5301,0.265984;2605,0
fp,a_c1f8_mx,a_c1f8_mx_acc2,,15.183,2.8673,190,256,6f8f402015,1,12.27;0.00;4.77;0.38;0.37;1.54,798;1796;0,5498,0.272902;2605,0
fp,a_c1f8_t1,a_c1f8_t1_acc2,,15.3583,2.82059,187,256,33fb8f3efa,1,12.37;0.00;4.66;0.39;0.38;1.51,728;1819;0,5526,0.254856;2605,0
fp,a_c3f8_tl,a_c3f8_tl_acc2,,11.5988,2.55711,139,256,0c20c82aee,1,0.01;0.00;3.74;0.09;0.17;0.00,780;1549;0,931,0.269937;2052,0
fp,a_c3f8_mx,a_c3f8_mx_acc2,,13.0185,2.58951,188,256,640cf5870f,1,0.00;0.00;4.15;0.39;0.34;0.00,776;1535;0,1128,0.279765;2052,0
fp,a_c3f8_t1,a_c3f8_t1_acc2,,12.933,2.46709,186,256,5925cb8515,1,0.00;0.00;3.78;0.38;0.41;0.00,767;1470;0,1156,0.289111;2052,0
fp,a_c2f8_mxw,a_c2f8_mxw_acc2,,16.8509,2.84509,186,256,ca4e020109,1,11.69;0.00;4.48;0.56;0.70;2.06,780;1774;0,3824,0.288362;2053,0
fp,a_c2f10_mxw,a_c2f10_mxw_acc2,,16.8357,2.77696,183,256,d3b83291ef,1,11.75;0.00;4.66;0.53;0.32;2.11,741;1738;0,3841,0.272029;1947,0
ACC_DONE
